	louvain	kmeans	hc
BM1077-CLP-Frozen-160106-13	7	3	1
BM1077-CLP-Frozen-160106-14	6	2	3
BM1077-CLP-Frozen-160106-2	5	2	3
BM1077-CLP-Frozen-160106-21	7	3	3
BM1077-CLP-Frozen-160106-27	7	3	1
BM1077-CLP-Frozen-160106-3	7	3	1
BM1077-CLP-Frozen-160106-36	5	3	3
BM1077-CLP-Frozen-160106-42	7	3	1
BM1077-CLP-Frozen-160106-44	5	2	3
BM1077-CLP-Frozen-160106-50	7	2	3
BM1077-CLP-Frozen-160106-61	7	3	3
BM1077-CLP-Frozen-160106-62	2	7	1
BM1077-CLP-Frozen-160106-66	6	3	3
BM1077-CLP-Frozen-160106-70	7	3	3
BM1077-CLP-Frozen-160106-71	5	3	1
BM1077-CLP-Frozen-160106-72	7	3	3
BM1077-CLP-Frozen-160106-75	5	3	3
BM1077-CLP-Frozen-160106-76	7	3	1
BM1077-CLP-Frozen-160106-78	7	3	1
BM1077-CLP-Frozen-160106-79	5	2	3
BM1077-CLP-Frozen-160106-80	5	3	3
BM1077-CLP-Frozen-160106-83	7	3	3
BM1077-CLP-Frozen-160106-86	6	2	3
BM1077-CLP-Frozen-160106-87	7	3	3
BM1077-CLP-Frozen-160106-88	5	3	3
BM1077-CLP-Frozen-160106-94	7	3	1
BM1077-CLP-Frozen-160106-96	5	3	3
BM1077-CMP-Frozen-160106-1	3	4	2
BM1077-CMP-Frozen-160106-10	3	4	2
BM1077-CMP-Frozen-160106-12	3	4	2
BM1077-CMP-Frozen-160106-14	6	1	3
BM1077-CMP-Frozen-160106-15	0	1	3
BM1077-CMP-Frozen-160106-16	3	4	2
BM1077-CMP-Frozen-160106-18	3	1	2
BM1077-CMP-Frozen-160106-19	3	1	2
BM1077-CMP-Frozen-160106-2	3	4	2
BM1077-CMP-Frozen-160106-21	3	4	2
BM1077-CMP-Frozen-160106-22	1	1	3
BM1077-CMP-Frozen-160106-23	6	2	3
BM1077-CMP-Frozen-160106-24	3	1	2
BM1077-CMP-Frozen-160106-25	3	4	2
BM1077-CMP-Frozen-160106-26	0	8	0
BM1077-CMP-Frozen-160106-28	3	4	2
BM1077-CMP-Frozen-160106-3	3	7	2
BM1077-CMP-Frozen-160106-30	3	4	2
BM1077-CMP-Frozen-160106-31	6	1	2
BM1077-CMP-Frozen-160106-32	6	2	3
BM1077-CMP-Frozen-160106-33	1	1	3
BM1077-CMP-Frozen-160106-34	3	1	3
BM1077-CMP-Frozen-160106-35	6	2	3
BM1077-CMP-Frozen-160106-36	6	2	3
BM1077-CMP-Frozen-160106-37	3	1	2
BM1077-CMP-Frozen-160106-39	3	4	2
BM1077-CMP-Frozen-160106-4	4	4	2
BM1077-CMP-Frozen-160106-40	1	2	3
BM1077-CMP-Frozen-160106-42	3	1	2
BM1077-CMP-Frozen-160106-43	6	1	1
BM1077-CMP-Frozen-160106-44	3	1	2
BM1077-CMP-Frozen-160106-45	4	4	2
BM1077-CMP-Frozen-160106-46	6	1	3
BM1077-CMP-Frozen-160106-49	6	2	3
BM1077-CMP-Frozen-160106-5	0	8	0
BM1077-CMP-Frozen-160106-50	1	1	3
BM1077-CMP-Frozen-160106-51	3	4	2
BM1077-CMP-Frozen-160106-52	1	1	3
BM1077-CMP-Frozen-160106-53	0	8	0
BM1077-CMP-Frozen-160106-55	4	4	2
BM1077-CMP-Frozen-160106-56	6	1	3
BM1077-CMP-Frozen-160106-57	6	1	2
BM1077-CMP-Frozen-160106-58	3	1	1
BM1077-CMP-Frozen-160106-59	3	4	2
BM1077-CMP-Frozen-160106-6	6	2	3
BM1077-CMP-Frozen-160106-60	1	1	3
BM1077-CMP-Frozen-160106-61	6	2	3
BM1077-CMP-Frozen-160106-62	1	1	3
BM1077-CMP-Frozen-160106-64	3	1	3
BM1077-CMP-Frozen-160106-66	0	8	0
BM1077-CMP-Frozen-160106-67	1	1	3
BM1077-CMP-Frozen-160106-68	6	1	2
BM1077-CMP-Frozen-160106-69	1	1	3
BM1077-CMP-Frozen-160106-70	3	4	2
BM1077-CMP-Frozen-160106-71	6	2	3
BM1077-CMP-Frozen-160106-72	1	1	3
BM1077-CMP-Frozen-160106-74	6	2	3
BM1077-CMP-Frozen-160106-75	6	1	3
BM1077-CMP-Frozen-160106-76	6	2	3
BM1077-CMP-Frozen-160106-77	3	1	2
BM1077-CMP-Frozen-160106-78	3	4	2
BM1077-CMP-Frozen-160106-79	6	2	3
BM1077-CMP-Frozen-160106-8	3	4	2
BM1077-CMP-Frozen-160106-80	0	8	3
BM1077-CMP-Frozen-160106-82	0	2	3
BM1077-CMP-Frozen-160106-83	1	2	3
BM1077-CMP-Frozen-160106-84	0	8	0
BM1077-CMP-Frozen-160106-85	3	4	2
BM1077-CMP-Frozen-160106-86	3	1	2
BM1077-CMP-Frozen-160106-87	2	7	1
BM1077-CMP-Frozen-160106-88	3	1	2
BM1077-CMP-Frozen-160106-89	3	4	2
BM1077-CMP-Frozen-160106-91	6	2	3
BM1077-CMP-Frozen-160106-92	3	4	2
BM1077-CMP-Frozen-160106-95	6	1	2
BM1077-GMP-Frozen-160107-1	0	2	0
BM1077-GMP-Frozen-160107-10	0	2	3
BM1077-GMP-Frozen-160107-11	0	8	0
BM1077-GMP-Frozen-160107-14	5	3	3
BM1077-GMP-Frozen-160107-16	0	8	0
BM1077-GMP-Frozen-160107-20	0	8	0
BM1077-GMP-Frozen-160107-21	0	8	0
BM1077-GMP-Frozen-160107-22	0	8	0
BM1077-GMP-Frozen-160107-23	0	8	0
BM1077-GMP-Frozen-160107-25	5	3	1
BM1077-GMP-Frozen-160107-26	0	2	0
BM1077-GMP-Frozen-160107-27	0	8	0
BM1077-GMP-Frozen-160107-31	0	8	0
BM1077-GMP-Frozen-160107-32	0	8	0
BM1077-GMP-Frozen-160107-33	0	8	0
BM1077-GMP-Frozen-160107-37	0	8	0
BM1077-GMP-Frozen-160107-39	0	8	0
BM1077-GMP-Frozen-160107-40	0	2	3
BM1077-GMP-Frozen-160107-41	6	2	3
BM1077-GMP-Frozen-160107-43	0	8	0
BM1077-GMP-Frozen-160107-44	0	8	0
BM1077-GMP-Frozen-160107-45	0	2	3
BM1077-GMP-Frozen-160107-46	0	8	0
BM1077-GMP-Frozen-160107-47	7	3	1
BM1077-GMP-Frozen-160107-48	0	8	0
BM1077-GMP-Frozen-160107-49	0	8	0
BM1077-GMP-Frozen-160107-5	0	2	3
BM1077-GMP-Frozen-160107-50	0	8	0
BM1077-GMP-Frozen-160107-51	0	8	0
BM1077-GMP-Frozen-160107-52	0	8	0
BM1077-GMP-Frozen-160107-55	0	8	0
BM1077-GMP-Frozen-160107-56	0	8	0
BM1077-GMP-Frozen-160107-58	0	2	3
BM1077-GMP-Frozen-160107-59	6	2	3
BM1077-GMP-Frozen-160107-60	0	8	0
BM1077-GMP-Frozen-160107-62	0	8	0
BM1077-GMP-Frozen-160107-63	0	8	0
BM1077-GMP-Frozen-160107-67	0	8	0
BM1077-GMP-Frozen-160107-69	0	8	0
BM1077-GMP-Frozen-160107-71	0	8	0
BM1077-GMP-Frozen-160107-72	0	8	0
BM1077-GMP-Frozen-160107-73	0	8	0
BM1077-GMP-Frozen-160107-74	6	2	3
BM1077-GMP-Frozen-160107-75	0	8	0
BM1077-GMP-Frozen-160107-76	0	8	0
BM1077-GMP-Frozen-160107-77	0	8	0
BM1077-GMP-Frozen-160107-79	0	8	0
BM1077-GMP-Frozen-160107-80	0	8	0
BM1077-GMP-Frozen-160107-81	0	8	0
BM1077-GMP-Frozen-160107-83	5	3	1
BM1077-GMP-Frozen-160107-84	0	8	0
BM1077-GMP-Frozen-160107-85	0	8	0
BM1077-GMP-Frozen-160107-86	0	8	0
BM1077-GMP-Frozen-160107-87	0	8	0
BM1077-GMP-Frozen-160107-88	0	8	0
BM1077-GMP-Frozen-160107-89	0	2	3
BM1077-GMP-Frozen-160107-9	0	8	0
BM1077-GMP-Frozen-160107-91	0	8	0
BM1077-GMP-Frozen-160107-92	5	3	1
BM1077-GMP-Frozen-160107-96	0	8	0
BM1077-HSC-Frozen-160105-1	1	1	3
BM1077-HSC-Frozen-160105-10	1	1	3
BM1077-HSC-Frozen-160105-11	1	1	3
BM1077-HSC-Frozen-160105-12	1	2	3
BM1077-HSC-Frozen-160105-13	1	1	3
BM1077-HSC-Frozen-160105-14	1	1	3
BM1077-HSC-Frozen-160105-15	1	1	3
BM1077-HSC-Frozen-160105-16	1	1	3
BM1077-HSC-Frozen-160105-19	1	1	3
BM1077-HSC-Frozen-160105-2	1	1	3
BM1077-HSC-Frozen-160105-20	1	1	3
BM1077-HSC-Frozen-160105-21	1	1	3
BM1077-HSC-Frozen-160105-22	1	1	3
BM1077-HSC-Frozen-160105-24	1	1	3
BM1077-HSC-Frozen-160105-25	1	1	3
BM1077-HSC-Frozen-160105-26	1	1	3
BM1077-HSC-Frozen-160105-27	2	7	1
BM1077-HSC-Frozen-160105-29	1	1	3
BM1077-HSC-Frozen-160105-3	1	1	3
BM1077-HSC-Frozen-160105-31	1	1	3
BM1077-HSC-Frozen-160105-32	1	1	3
BM1077-HSC-Frozen-160105-34	1	1	3
BM1077-HSC-Frozen-160105-36	1	2	3
BM1077-HSC-Frozen-160105-37	1	1	3
BM1077-HSC-Frozen-160105-38	1	2	3
BM1077-HSC-Frozen-160105-39	1	1	3
BM1077-HSC-Frozen-160105-4	3	1	1
BM1077-HSC-Frozen-160105-40	1	1	3
BM1077-HSC-Frozen-160105-41	1	1	3
BM1077-HSC-Frozen-160105-42	1	1	3
BM1077-HSC-Frozen-160105-43	1	1	3
BM1077-HSC-Frozen-160105-44	1	1	3
BM1077-HSC-Frozen-160105-47	1	1	3
BM1077-HSC-Frozen-160105-48	1	1	1
BM1077-HSC-Frozen-160105-49	1	1	3
BM1077-HSC-Frozen-160105-5	1	1	3
BM1077-HSC-Frozen-160105-50	1	1	3
BM1077-HSC-Frozen-160105-51	1	1	1
BM1077-HSC-Frozen-160105-53	1	1	3
BM1077-HSC-Frozen-160105-54	2	7	1
BM1077-HSC-Frozen-160105-55	1	1	3
BM1077-HSC-Frozen-160105-56	1	1	3
BM1077-HSC-Frozen-160105-57	1	1	3
BM1077-HSC-Frozen-160105-58	1	1	3
BM1077-HSC-Frozen-160105-59	1	1	3
BM1077-HSC-Frozen-160105-6	1	1	3
BM1077-HSC-Frozen-160105-60	1	1	3
BM1077-HSC-Frozen-160105-61	6	1	3
BM1077-HSC-Frozen-160105-62	1	1	3
BM1077-HSC-Frozen-160105-63	1	1	3
BM1077-HSC-Frozen-160105-64	1	1	3
BM1077-HSC-Frozen-160105-66	1	1	3
BM1077-HSC-Frozen-160105-68	1	1	3
BM1077-HSC-Frozen-160105-69	1	1	3
BM1077-HSC-Frozen-160105-7	1	1	3
BM1077-HSC-Frozen-160105-71	1	1	3
BM1077-HSC-Frozen-160105-72	1	2	3
BM1077-HSC-Frozen-160105-73	1	1	3
BM1077-HSC-Frozen-160105-74	1	1	3
BM1077-HSC-Frozen-160105-75	3	1	3
BM1077-HSC-Frozen-160105-76	1	1	3
BM1077-HSC-Frozen-160105-77	1	2	3
BM1077-HSC-Frozen-160105-78	1	1	3
BM1077-HSC-Frozen-160105-79	1	1	3
BM1077-HSC-Frozen-160105-80	1	1	3
BM1077-HSC-Frozen-160105-81	1	1	3
BM1077-HSC-Frozen-160105-82	1	1	3
BM1077-HSC-Frozen-160105-83	1	1	3
BM1077-HSC-Frozen-160105-85	6	2	3
BM1077-HSC-Frozen-160105-87	1	1	3
BM1077-HSC-Frozen-160105-88	1	1	3
BM1077-HSC-Frozen-160105-89	1	1	3
BM1077-HSC-Frozen-160105-90	1	1	3
BM1077-HSC-Frozen-160105-91	1	1	3
BM1077-HSC-Frozen-160105-92	2	7	1
BM1077-HSC-Frozen-160105-95	1	1	3
BM1077-LMPP-Frozen-160107-1	0	8	1
BM1077-LMPP-Frozen-160107-11	6	2	3
BM1077-LMPP-Frozen-160107-12	0	8	0
BM1077-LMPP-Frozen-160107-13	6	2	3
BM1077-LMPP-Frozen-160107-14	0	2	0
BM1077-LMPP-Frozen-160107-15	6	2	3
BM1077-LMPP-Frozen-160107-16	6	2	3
BM1077-LMPP-Frozen-160107-18	0	8	3
BM1077-LMPP-Frozen-160107-19	0	1	3
BM1077-LMPP-Frozen-160107-2	6	2	3
BM1077-LMPP-Frozen-160107-20	0	2	3
BM1077-LMPP-Frozen-160107-21	0	8	1
BM1077-LMPP-Frozen-160107-23	6	2	3
BM1077-LMPP-Frozen-160107-24	6	2	3
BM1077-LMPP-Frozen-160107-25	6	2	3
BM1077-LMPP-Frozen-160107-27	1	2	3
BM1077-LMPP-Frozen-160107-28	6	2	3
BM1077-LMPP-Frozen-160107-29	0	2	3
BM1077-LMPP-Frozen-160107-30	6	1	3
BM1077-LMPP-Frozen-160107-31	0	2	3
BM1077-LMPP-Frozen-160107-33	6	2	3
BM1077-LMPP-Frozen-160107-37	6	2	3
BM1077-LMPP-Frozen-160107-38	6	2	3
BM1077-LMPP-Frozen-160107-39	0	8	3
BM1077-LMPP-Frozen-160107-4	0	3	3
BM1077-LMPP-Frozen-160107-40	6	2	3
BM1077-LMPP-Frozen-160107-41	6	2	3
BM1077-LMPP-Frozen-160107-42	6	2	3
BM1077-LMPP-Frozen-160107-43	7	3	3
BM1077-LMPP-Frozen-160107-44	6	1	3
BM1077-LMPP-Frozen-160107-45	6	2	3
BM1077-LMPP-Frozen-160107-46	6	3	3
BM1077-LMPP-Frozen-160107-47	0	3	3
BM1077-LMPP-Frozen-160107-48	6	2	3
BM1077-LMPP-Frozen-160107-49	6	2	3
BM1077-LMPP-Frozen-160107-5	6	2	3
BM1077-LMPP-Frozen-160107-50	6	2	3
BM1077-LMPP-Frozen-160107-51	7	3	1
BM1077-LMPP-Frozen-160107-53	6	2	3
BM1077-LMPP-Frozen-160107-54	6	2	3
BM1077-LMPP-Frozen-160107-55	6	2	3
BM1077-LMPP-Frozen-160107-56	2	7	1
BM1077-LMPP-Frozen-160107-57	7	3	3
BM1077-LMPP-Frozen-160107-58	6	2	3
BM1077-LMPP-Frozen-160107-59	0	2	3
BM1077-LMPP-Frozen-160107-60	6	2	3
BM1077-LMPP-Frozen-160107-61	0	2	3
BM1077-LMPP-Frozen-160107-62	6	2	3
BM1077-LMPP-Frozen-160107-63	6	2	3
BM1077-LMPP-Frozen-160107-64	6	2	3
BM1077-LMPP-Frozen-160107-66	6	2	3
BM1077-LMPP-Frozen-160107-67	6	2	3
BM1077-LMPP-Frozen-160107-68	6	2	3
BM1077-LMPP-Frozen-160107-69	6	2	3
BM1077-LMPP-Frozen-160107-70	6	2	3
BM1077-LMPP-Frozen-160107-71	6	2	3
BM1077-LMPP-Frozen-160107-72	6	2	3
BM1077-LMPP-Frozen-160107-73	7	3	3
BM1077-LMPP-Frozen-160107-74	6	2	3
BM1077-LMPP-Frozen-160107-75	6	2	3
BM1077-LMPP-Frozen-160107-76	6	2	3
BM1077-LMPP-Frozen-160107-77	6	2	3
BM1077-LMPP-Frozen-160107-78	0	8	0
BM1077-LMPP-Frozen-160107-81	6	2	3
BM1077-LMPP-Frozen-160107-82	0	2	3
BM1077-LMPP-Frozen-160107-83	0	2	3
BM1077-LMPP-Frozen-160107-85	6	2	3
BM1077-LMPP-Frozen-160107-86	6	2	3
BM1077-LMPP-Frozen-160107-87	6	2	3
BM1077-LMPP-Frozen-160107-9	6	2	3
BM1077-LMPP-Frozen-160107-90	7	3	1
BM1077-LMPP-Frozen-160107-91	0	2	3
BM1077-LMPP-Frozen-160107-96	6	2	3
BM1077-MEP-Frozen-160107-1	4	4	2
BM1077-MEP-Frozen-160107-11	4	4	2
BM1077-MEP-Frozen-160107-12	4	4	2
BM1077-MEP-Frozen-160107-13	3	4	2
BM1077-MEP-Frozen-160107-14	4	4	2
BM1077-MEP-Frozen-160107-15	4	4	2
BM1077-MEP-Frozen-160107-16	3	4	2
BM1077-MEP-Frozen-160107-17	4	4	2
BM1077-MEP-Frozen-160107-18	4	4	2
BM1077-MEP-Frozen-160107-19	4	4	2
BM1077-MEP-Frozen-160107-2	4	4	2
BM1077-MEP-Frozen-160107-21	4	4	2
BM1077-MEP-Frozen-160107-22	4	4	2
BM1077-MEP-Frozen-160107-27	4	4	2
BM1077-MEP-Frozen-160107-28	3	7	2
BM1077-MEP-Frozen-160107-3	4	4	2
BM1077-MEP-Frozen-160107-31	4	4	2
BM1077-MEP-Frozen-160107-32	4	4	2
BM1077-MEP-Frozen-160107-33	2	7	1
BM1077-MEP-Frozen-160107-34	3	4	2
BM1077-MEP-Frozen-160107-35	3	4	2
BM1077-MEP-Frozen-160107-36	4	4	2
BM1077-MEP-Frozen-160107-37	4	4	2
BM1077-MEP-Frozen-160107-38	4	4	2
BM1077-MEP-Frozen-160107-4	4	4	2
BM1077-MEP-Frozen-160107-41	4	4	2
BM1077-MEP-Frozen-160107-42	4	4	2
BM1077-MEP-Frozen-160107-43	4	4	2
BM1077-MEP-Frozen-160107-45	4	4	2
BM1077-MEP-Frozen-160107-46	4	4	2
BM1077-MEP-Frozen-160107-49	4	4	2
BM1077-MEP-Frozen-160107-5	4	4	2
BM1077-MEP-Frozen-160107-50	4	4	2
BM1077-MEP-Frozen-160107-51	4	4	2
BM1077-MEP-Frozen-160107-52	4	4	2
BM1077-MEP-Frozen-160107-53	4	4	2
BM1077-MEP-Frozen-160107-54	4	4	2
BM1077-MEP-Frozen-160107-55	4	4	2
BM1077-MEP-Frozen-160107-56	4	4	2
BM1077-MEP-Frozen-160107-57	4	4	2
BM1077-MEP-Frozen-160107-58	4	4	2
BM1077-MEP-Frozen-160107-59	4	4	2
BM1077-MEP-Frozen-160107-6	4	4	2
BM1077-MEP-Frozen-160107-60	4	4	2
BM1077-MEP-Frozen-160107-7	4	4	2
BM1077-MEP-Frozen-160107-86	4	4	2
BM1077-MEP-Frozen-160107-87	4	4	2
BM1077-MEP-Frozen-160107-88	4	4	2
BM1077-MEP-Frozen-160107-89	4	4	2
BM1077-MEP-Frozen-160107-9	4	4	2
BM1077-MEP-Frozen-160107-91	4	4	2
BM1077-MEP-Frozen-160107-92	3	4	2
BM1077-MEP-Frozen-160107-95	4	4	2
BM1077-MEP-Frozen-160107-96	4	4	2
BM1077-MPP-Frozen-160105-1	1	1	3
BM1077-MPP-Frozen-160105-10	6	1	3
BM1077-MPP-Frozen-160105-11	3	7	2
BM1077-MPP-Frozen-160105-13	1	1	3
BM1077-MPP-Frozen-160105-14	1	1	3
BM1077-MPP-Frozen-160105-15	1	1	3
BM1077-MPP-Frozen-160105-16	3	1	1
BM1077-MPP-Frozen-160105-17	1	2	3
BM1077-MPP-Frozen-160105-18	1	1	3
BM1077-MPP-Frozen-160105-19	1	1	3
BM1077-MPP-Frozen-160105-2	1	1	1
BM1077-MPP-Frozen-160105-20	1	1	1
BM1077-MPP-Frozen-160105-22	1	1	3
BM1077-MPP-Frozen-160105-24	1	1	3
BM1077-MPP-Frozen-160105-25	1	1	3
BM1077-MPP-Frozen-160105-26	1	1	3
BM1077-MPP-Frozen-160105-28	1	1	3
BM1077-MPP-Frozen-160105-30	1	1	3
BM1077-MPP-Frozen-160105-31	1	1	3
BM1077-MPP-Frozen-160105-32	3	1	2
BM1077-MPP-Frozen-160105-34	1	1	3
BM1077-MPP-Frozen-160105-35	1	1	3
BM1077-MPP-Frozen-160105-36	3	1	3
BM1077-MPP-Frozen-160105-37	1	1	3
BM1077-MPP-Frozen-160105-38	1	2	3
BM1077-MPP-Frozen-160105-39	3	7	1
BM1077-MPP-Frozen-160105-40	1	1	3
BM1077-MPP-Frozen-160105-41	1	2	3
BM1077-MPP-Frozen-160105-42	1	1	3
BM1077-MPP-Frozen-160105-43	1	1	3
BM1077-MPP-Frozen-160105-45	1	2	3
BM1077-MPP-Frozen-160105-46	1	1	3
BM1077-MPP-Frozen-160105-47	2	7	1
BM1077-MPP-Frozen-160105-48	1	1	3
BM1077-MPP-Frozen-160105-49	1	1	3
BM1077-MPP-Frozen-160105-5	1	1	3
BM1077-MPP-Frozen-160105-50	3	1	1
BM1077-MPP-Frozen-160105-51	2	7	1
BM1077-MPP-Frozen-160105-52	1	1	1
BM1077-MPP-Frozen-160105-54	1	1	3
BM1077-MPP-Frozen-160105-55	1	1	3
BM1077-MPP-Frozen-160105-56	1	1	3
BM1077-MPP-Frozen-160105-57	1	1	3
BM1077-MPP-Frozen-160105-58	1	1	3
BM1077-MPP-Frozen-160105-59	3	1	3
BM1077-MPP-Frozen-160105-6	1	1	3
BM1077-MPP-Frozen-160105-60	3	1	2
BM1077-MPP-Frozen-160105-61	2	1	1
BM1077-MPP-Frozen-160105-62	1	1	3
BM1077-MPP-Frozen-160105-63	1	1	1
BM1077-MPP-Frozen-160105-64	1	1	1
BM1077-MPP-Frozen-160105-65	3	1	2
BM1077-MPP-Frozen-160105-66	1	1	3
BM1077-MPP-Frozen-160105-67	1	1	3
BM1077-MPP-Frozen-160105-68	1	1	3
BM1077-MPP-Frozen-160105-69	3	4	2
BM1077-MPP-Frozen-160105-7	1	1	3
BM1077-MPP-Frozen-160105-70	1	1	3
BM1077-MPP-Frozen-160105-71	1	1	3
BM1077-MPP-Frozen-160105-72	1	1	3
BM1077-MPP-Frozen-160105-73	6	2	3
BM1077-MPP-Frozen-160105-74	1	2	3
BM1077-MPP-Frozen-160105-76	1	1	3
BM1077-MPP-Frozen-160105-78	1	1	3
BM1077-MPP-Frozen-160105-8	1	2	3
BM1077-MPP-Frozen-160105-80	3	1	1
BM1077-MPP-Frozen-160105-81	1	1	3
BM1077-MPP-Frozen-160105-82	1	1	3
BM1077-MPP-Frozen-160105-83	1	2	3
BM1077-MPP-Frozen-160105-84	1	1	3
BM1077-MPP-Frozen-160105-85	1	1	3
BM1077-MPP-Frozen-160105-86	3	7	1
BM1077-MPP-Frozen-160105-87	1	2	3
BM1077-MPP-Frozen-160105-88	7	7	2
BM1077-MPP-Frozen-160105-89	1	1	3
BM1077-MPP-Frozen-160105-9	3	1	3
BM1077-MPP-Frozen-160105-90	1	1	3
BM1077-MPP-Frozen-160105-92	1	1	3
BM1077-MPP-Frozen-160105-95	6	1	3
BM1077-MPP-Frozen-160105-96	1	1	3
singles-160808-scATAC-BM1137-GMP2mid-LS-10	0	8	0
singles-160808-scATAC-BM1137-GMP2mid-LS-11	0	8	0
singles-160808-scATAC-BM1137-GMP2mid-LS-12	5	3	3
singles-160808-scATAC-BM1137-GMP2mid-LS-16	0	8	0
singles-160808-scATAC-BM1137-GMP2mid-LS-18	0	8	0
singles-160808-scATAC-BM1137-GMP2mid-LS-22	0	8	0
singles-160808-scATAC-BM1137-GMP2mid-LS-24	0	8	0
singles-160808-scATAC-BM1137-GMP2mid-LS-29	0	8	0
singles-160808-scATAC-BM1137-GMP2mid-LS-35	0	8	0
singles-160808-scATAC-BM1137-GMP2mid-LS-36	0	8	0
singles-160808-scATAC-BM1137-GMP2mid-LS-40	7	3	1
singles-160808-scATAC-BM1137-GMP2mid-LS-44	0	8	0
singles-160808-scATAC-BM1137-GMP2mid-LS-46	0	8	0
singles-160808-scATAC-BM1137-GMP2mid-LS-47	0	8	0
singles-160808-scATAC-BM1137-GMP2mid-LS-5	0	8	0
singles-160808-scATAC-BM1137-GMP2mid-LS-50	0	8	0
singles-160808-scATAC-BM1137-GMP2mid-LS-52	0	8	0
singles-160808-scATAC-BM1137-GMP2mid-LS-53	0	8	0
singles-160808-scATAC-BM1137-GMP2mid-LS-54	0	8	0
singles-160808-scATAC-BM1137-GMP2mid-LS-55	0	2	3
singles-160808-scATAC-BM1137-GMP2mid-LS-58	0	8	0
singles-160808-scATAC-BM1137-GMP2mid-LS-59	5	3	3
singles-160808-scATAC-BM1137-GMP2mid-LS-60	0	8	0
singles-160808-scATAC-BM1137-GMP2mid-LS-62	0	8	0
singles-160808-scATAC-BM1137-GMP2mid-LS-64	0	2	3
singles-160808-scATAC-BM1137-GMP2mid-LS-65	0	8	0
singles-160808-scATAC-BM1137-GMP2mid-LS-66	0	8	0
singles-160808-scATAC-BM1137-GMP2mid-LS-69	0	8	0
singles-160808-scATAC-BM1137-GMP2mid-LS-70	0	8	0
singles-160808-scATAC-BM1137-GMP2mid-LS-71	0	8	0
singles-160808-scATAC-BM1137-GMP2mid-LS-72	0	8	0
singles-160808-scATAC-BM1137-GMP2mid-LS-74	0	8	0
singles-160808-scATAC-BM1137-GMP2mid-LS-75	0	8	0
singles-160808-scATAC-BM1137-GMP2mid-LS-76	0	8	0
singles-160808-scATAC-BM1137-GMP2mid-LS-77	0	8	0
singles-160808-scATAC-BM1137-GMP2mid-LS-78	0	8	0
singles-160808-scATAC-BM1137-GMP2mid-LS-80	0	8	0
singles-160808-scATAC-BM1137-GMP2mid-LS-81	0	8	0
singles-160808-scATAC-BM1137-GMP2mid-LS-83	0	8	0
singles-160808-scATAC-BM1137-GMP2mid-LS-85	0	8	0
singles-160808-scATAC-BM1137-GMP2mid-LS-89	0	3	1
singles-160808-scATAC-BM1137-GMP2mid-LS-92	0	8	3
singles-160808-scATAC-BM1137-GMP2mid-LS-95	0	8	0
singles-160808-scATAC-BM1137-GMP2mid-LS-96	7	3	1
singles-160809-scATAC-BM1137-GMP1low-LS-1	0	8	0
singles-160809-scATAC-BM1137-GMP1low-LS-11	0	8	0
singles-160809-scATAC-BM1137-GMP1low-LS-13	0	8	0
singles-160809-scATAC-BM1137-GMP1low-LS-14	0	8	0
singles-160809-scATAC-BM1137-GMP1low-LS-15	0	8	1
singles-160809-scATAC-BM1137-GMP1low-LS-16	0	8	0
singles-160809-scATAC-BM1137-GMP1low-LS-17	0	8	0
singles-160809-scATAC-BM1137-GMP1low-LS-19	0	8	0
singles-160809-scATAC-BM1137-GMP1low-LS-2	0	8	0
singles-160809-scATAC-BM1137-GMP1low-LS-20	7	3	1
singles-160809-scATAC-BM1137-GMP1low-LS-21	0	7	0
singles-160809-scATAC-BM1137-GMP1low-LS-22	0	8	0
singles-160809-scATAC-BM1137-GMP1low-LS-23	0	8	0
singles-160809-scATAC-BM1137-GMP1low-LS-24	0	8	0
singles-160809-scATAC-BM1137-GMP1low-LS-25	0	8	0
singles-160809-scATAC-BM1137-GMP1low-LS-26	0	8	0
singles-160809-scATAC-BM1137-GMP1low-LS-27	7	8	1
singles-160809-scATAC-BM1137-GMP1low-LS-28	0	8	0
singles-160809-scATAC-BM1137-GMP1low-LS-31	0	8	0
singles-160809-scATAC-BM1137-GMP1low-LS-32	0	8	0
singles-160809-scATAC-BM1137-GMP1low-LS-33	0	8	0
singles-160809-scATAC-BM1137-GMP1low-LS-36	7	3	0
singles-160809-scATAC-BM1137-GMP1low-LS-4	0	8	0
singles-160809-scATAC-BM1137-GMP1low-LS-42	0	8	1
singles-160809-scATAC-BM1137-GMP1low-LS-43	0	8	0
singles-160809-scATAC-BM1137-GMP1low-LS-44	0	8	0
singles-160809-scATAC-BM1137-GMP1low-LS-45	0	8	0
singles-160809-scATAC-BM1137-GMP1low-LS-46	0	8	0
singles-160809-scATAC-BM1137-GMP1low-LS-48	0	8	0
singles-160809-scATAC-BM1137-GMP1low-LS-5	0	8	0
singles-160809-scATAC-BM1137-GMP1low-LS-50	0	8	0
singles-160809-scATAC-BM1137-GMP1low-LS-52	6	3	3
singles-160809-scATAC-BM1137-GMP1low-LS-53	0	8	0
singles-160809-scATAC-BM1137-GMP1low-LS-54	0	8	0
singles-160809-scATAC-BM1137-GMP1low-LS-55	0	8	0
singles-160809-scATAC-BM1137-GMP1low-LS-56	0	8	1
singles-160809-scATAC-BM1137-GMP1low-LS-58	0	8	0
singles-160809-scATAC-BM1137-GMP1low-LS-59	7	7	1
singles-160809-scATAC-BM1137-GMP1low-LS-6	0	8	0
singles-160809-scATAC-BM1137-GMP1low-LS-60	7	7	1
singles-160809-scATAC-BM1137-GMP1low-LS-61	0	8	0
singles-160809-scATAC-BM1137-GMP1low-LS-62	0	8	0
singles-160809-scATAC-BM1137-GMP1low-LS-63	0	8	0
singles-160809-scATAC-BM1137-GMP1low-LS-64	0	8	0
singles-160809-scATAC-BM1137-GMP1low-LS-66	0	8	0
singles-160809-scATAC-BM1137-GMP1low-LS-68	7	8	0
singles-160809-scATAC-BM1137-GMP1low-LS-69	0	8	0
singles-160809-scATAC-BM1137-GMP1low-LS-7	0	8	0
singles-160809-scATAC-BM1137-GMP1low-LS-70	0	8	0
singles-160809-scATAC-BM1137-GMP1low-LS-74	0	8	0
singles-160809-scATAC-BM1137-GMP1low-LS-75	0	8	0
singles-160809-scATAC-BM1137-GMP1low-LS-77	0	8	0
singles-160809-scATAC-BM1137-GMP1low-LS-78	0	8	0
singles-160809-scATAC-BM1137-GMP1low-LS-79	0	8	0
singles-160809-scATAC-BM1137-GMP1low-LS-80	0	2	3
singles-160809-scATAC-BM1137-GMP1low-LS-81	0	8	0
singles-160809-scATAC-BM1137-GMP1low-LS-82	0	8	0
singles-160809-scATAC-BM1137-GMP1low-LS-83	7	3	1
singles-160809-scATAC-BM1137-GMP1low-LS-84	0	8	0
singles-160809-scATAC-BM1137-GMP1low-LS-86	0	8	0
singles-160809-scATAC-BM1137-GMP1low-LS-87	0	8	0
singles-160809-scATAC-BM1137-GMP1low-LS-88	0	8	1
singles-160809-scATAC-BM1137-GMP1low-LS-89	0	8	0
singles-160809-scATAC-BM1137-GMP1low-LS-9	0	8	0
singles-160809-scATAC-BM1137-GMP1low-LS-90	7	3	1
singles-160809-scATAC-BM1137-GMP1low-LS-91	0	8	0
singles-160809-scATAC-BM1137-GMP1low-LS-95	0	8	0
singles-160809-scATAC-BM1137-GMP1low-LS-96	0	7	1
singles-160818-BM1137-pDC-LS-1	5	3	0
singles-160818-BM1137-pDC-LS-10	5	3	0
singles-160818-BM1137-pDC-LS-12	5	3	0
singles-160818-BM1137-pDC-LS-13	5	3	0
singles-160818-BM1137-pDC-LS-14	5	3	0
singles-160818-BM1137-pDC-LS-15	5	3	0
singles-160818-BM1137-pDC-LS-17	5	3	1
singles-160818-BM1137-pDC-LS-2	5	3	0
singles-160818-BM1137-pDC-LS-20	5	3	0
singles-160818-BM1137-pDC-LS-21	5	3	0
singles-160818-BM1137-pDC-LS-22	5	3	0
singles-160818-BM1137-pDC-LS-23	5	3	0
singles-160818-BM1137-pDC-LS-24	5	3	0
singles-160818-BM1137-pDC-LS-25	5	3	0
singles-160818-BM1137-pDC-LS-26	5	3	0
singles-160818-BM1137-pDC-LS-27	5	3	0
singles-160818-BM1137-pDC-LS-3	5	3	0
singles-160818-BM1137-pDC-LS-31	5	3	0
singles-160818-BM1137-pDC-LS-32	5	3	0
singles-160818-BM1137-pDC-LS-34	5	3	0
singles-160818-BM1137-pDC-LS-35	5	3	0
singles-160818-BM1137-pDC-LS-36	5	3	0
singles-160818-BM1137-pDC-LS-37	5	3	0
singles-160818-BM1137-pDC-LS-38	5	3	0
singles-160818-BM1137-pDC-LS-39	5	3	0
singles-160818-BM1137-pDC-LS-40	5	3	0
singles-160818-BM1137-pDC-LS-42	5	3	0
singles-160818-BM1137-pDC-LS-43	5	3	0
singles-160818-BM1137-pDC-LS-44	5	3	1
singles-160818-BM1137-pDC-LS-45	5	3	0
singles-160818-BM1137-pDC-LS-46	5	3	0
singles-160818-BM1137-pDC-LS-48	5	3	0
singles-160818-BM1137-pDC-LS-49	5	3	0
singles-160818-BM1137-pDC-LS-50	5	3	0
singles-160818-BM1137-pDC-LS-51	5	3	0
singles-160818-BM1137-pDC-LS-54	5	3	0
singles-160818-BM1137-pDC-LS-55	5	3	0
singles-160818-BM1137-pDC-LS-56	5	3	0
singles-160818-BM1137-pDC-LS-57	5	3	0
singles-160818-BM1137-pDC-LS-58	5	3	0
singles-160818-BM1137-pDC-LS-59	5	3	0
singles-160818-BM1137-pDC-LS-60	5	3	0
singles-160818-BM1137-pDC-LS-63	5	3	0
singles-160818-BM1137-pDC-LS-65	5	3	0
singles-160818-BM1137-pDC-LS-66	5	3	0
singles-160818-BM1137-pDC-LS-67	5	3	0
singles-160818-BM1137-pDC-LS-68	5	3	0
singles-160818-BM1137-pDC-LS-7	5	3	0
singles-160818-BM1137-pDC-LS-70	5	3	0
singles-160818-BM1137-pDC-LS-73	5	3	0
singles-160818-BM1137-pDC-LS-74	5	3	0
singles-160818-BM1137-pDC-LS-75	5	8	0
singles-160818-BM1137-pDC-LS-76	5	3	0
singles-160818-BM1137-pDC-LS-77	5	3	0
singles-160818-BM1137-pDC-LS-78	5	3	0
singles-160818-BM1137-pDC-LS-79	5	3	0
singles-160818-BM1137-pDC-LS-8	5	3	0
singles-160818-BM1137-pDC-LS-80	5	3	0
singles-160818-BM1137-pDC-LS-82	5	3	0
singles-160818-BM1137-pDC-LS-83	5	3	0
singles-160818-BM1137-pDC-LS-84	5	3	0
singles-160818-BM1137-pDC-LS-86	5	3	0
singles-160818-BM1137-pDC-LS-87	5	3	0
singles-160818-BM1137-pDC-LS-88	5	3	0
singles-160818-BM1137-pDC-LS-89	5	3	0
singles-160818-BM1137-pDC-LS-90	5	3	0
singles-160818-BM1137-pDC-LS-92	5	3	0
singles-160818-BM1137-pDC-LS-95	5	3	0
singles-160819-BM1137-CMP-LS-1	3	4	2
singles-160819-BM1137-CMP-LS-10	6	2	3
singles-160819-BM1137-CMP-LS-11	6	7	1
singles-160819-BM1137-CMP-LS-13	6	2	3
singles-160819-BM1137-CMP-LS-14	4	4	2
singles-160819-BM1137-CMP-LS-15	3	4	2
singles-160819-BM1137-CMP-LS-16	2	7	1
singles-160819-BM1137-CMP-LS-18	3	8	1
singles-160819-BM1137-CMP-LS-19	3	4	2
singles-160819-BM1137-CMP-LS-2	3	4	2
singles-160819-BM1137-CMP-LS-20	3	4	2
singles-160819-BM1137-CMP-LS-22	4	4	2
singles-160819-BM1137-CMP-LS-23	2	7	1
singles-160819-BM1137-CMP-LS-24	3	7	1
singles-160819-BM1137-CMP-LS-25	3	7	1
singles-160819-BM1137-CMP-LS-26	3	4	1
singles-160819-BM1137-CMP-LS-27	6	1	1
singles-160819-BM1137-CMP-LS-29	3	4	2
singles-160819-BM1137-CMP-LS-30	6	8	0
singles-160819-BM1137-CMP-LS-31	2	7	1
singles-160819-BM1137-CMP-LS-32	6	2	3
singles-160819-BM1137-CMP-LS-33	6	8	3
singles-160819-BM1137-CMP-LS-34	4	4	2
singles-160819-BM1137-CMP-LS-35	6	7	0
singles-160819-BM1137-CMP-LS-37	3	4	2
singles-160819-BM1137-CMP-LS-38	2	7	1
singles-160819-BM1137-CMP-LS-39	3	4	2
singles-160819-BM1137-CMP-LS-4	2	7	1
singles-160819-BM1137-CMP-LS-40	4	4	2
singles-160819-BM1137-CMP-LS-41	3	1	2
singles-160819-BM1137-CMP-LS-42	3	4	2
singles-160819-BM1137-CMP-LS-43	2	7	1
singles-160819-BM1137-CMP-LS-44	3	7	1
singles-160819-BM1137-CMP-LS-45	3	4	2
singles-160819-BM1137-CMP-LS-46	3	7	2
singles-160819-BM1137-CMP-LS-47	4	4	2
singles-160819-BM1137-CMP-LS-49	2	7	1
singles-160819-BM1137-CMP-LS-50	3	4	2
singles-160819-BM1137-CMP-LS-51	3	7	1
singles-160819-BM1137-CMP-LS-52	3	7	1
singles-160819-BM1137-CMP-LS-54	4	4	2
singles-160819-BM1137-CMP-LS-59	2	7	1
singles-160819-BM1137-CMP-LS-6	3	4	2
singles-160819-BM1137-CMP-LS-60	3	4	1
singles-160819-BM1137-CMP-LS-61	2	7	1
singles-160819-BM1137-CMP-LS-62	2	7	1
singles-160819-BM1137-CMP-LS-63	2	7	1
singles-160819-BM1137-CMP-LS-64	0	8	0
singles-160819-BM1137-CMP-LS-65	3	4	2
singles-160819-BM1137-CMP-LS-66	3	4	2
singles-160819-BM1137-CMP-LS-68	2	7	1
singles-160819-BM1137-CMP-LS-7	4	4	2
singles-160819-BM1137-CMP-LS-70	6	2	3
singles-160819-BM1137-CMP-LS-71	6	1	3
singles-160819-BM1137-CMP-LS-72	6	7	1
singles-160819-BM1137-CMP-LS-73	3	4	2
singles-160819-BM1137-CMP-LS-74	2	7	1
singles-160819-BM1137-CMP-LS-75	6	7	1
singles-160819-BM1137-CMP-LS-76	0	8	1
singles-160819-BM1137-CMP-LS-78	4	4	2
singles-160819-BM1137-CMP-LS-79	3	7	1
singles-160819-BM1137-CMP-LS-8	3	4	2
singles-160819-BM1137-CMP-LS-81	2	7	1
singles-160819-BM1137-CMP-LS-82	3	7	1
singles-160819-BM1137-CMP-LS-83	3	4	2
singles-160819-BM1137-CMP-LS-85	4	4	1
singles-160819-BM1137-CMP-LS-86	3	4	2
singles-160819-BM1137-CMP-LS-88	3	4	2
singles-160819-BM1137-CMP-LS-90	3	7	1
singles-160819-BM1137-CMP-LS-91	3	4	1
singles-160819-BM1137-CMP-LS-94	4	4	2
singles-160819-BM1137-CMP-LS-95	6	7	1
singles-160822-BM1137-CMP-LS-1	6	2	3
singles-160822-BM1137-CMP-LS-10	3	4	2
singles-160822-BM1137-CMP-LS-11	3	4	2
singles-160822-BM1137-CMP-LS-12	3	4	2
singles-160822-BM1137-CMP-LS-13	7	3	3
singles-160822-BM1137-CMP-LS-15	2	7	1
singles-160822-BM1137-CMP-LS-16	3	7	1
singles-160822-BM1137-CMP-LS-20	4	4	1
singles-160822-BM1137-CMP-LS-21	3	7	2
singles-160822-BM1137-CMP-LS-22	0	7	1
singles-160822-BM1137-CMP-LS-23	3	7	1
singles-160822-BM1137-CMP-LS-24	3	1	2
singles-160822-BM1137-CMP-LS-25	6	8	0
singles-160822-BM1137-CMP-LS-26	4	4	2
singles-160822-BM1137-CMP-LS-27	1	1	3
singles-160822-BM1137-CMP-LS-29	4	7	1
singles-160822-BM1137-CMP-LS-3	4	4	2
singles-160822-BM1137-CMP-LS-30	6	8	0
singles-160822-BM1137-CMP-LS-31	2	7	1
singles-160822-BM1137-CMP-LS-32	6	8	3
singles-160822-BM1137-CMP-LS-33	6	1	3
singles-160822-BM1137-CMP-LS-34	3	7	1
singles-160822-BM1137-CMP-LS-36	3	4	2
singles-160822-BM1137-CMP-LS-37	3	1	3
singles-160822-BM1137-CMP-LS-39	2	7	1
singles-160822-BM1137-CMP-LS-4	0	8	0
singles-160822-BM1137-CMP-LS-40	3	4	2
singles-160822-BM1137-CMP-LS-41	3	1	2
singles-160822-BM1137-CMP-LS-43	6	1	3
singles-160822-BM1137-CMP-LS-45	4	4	2
singles-160822-BM1137-CMP-LS-46	6	8	2
singles-160822-BM1137-CMP-LS-47	4	4	2
singles-160822-BM1137-CMP-LS-48	3	7	2
singles-160822-BM1137-CMP-LS-49	3	1	2
singles-160822-BM1137-CMP-LS-5	4	4	2
singles-160822-BM1137-CMP-LS-50	2	7	1
singles-160822-BM1137-CMP-LS-51	0	8	0
singles-160822-BM1137-CMP-LS-54	3	7	2
singles-160822-BM1137-CMP-LS-56	3	7	2
singles-160822-BM1137-CMP-LS-57	3	4	2
singles-160822-BM1137-CMP-LS-59	3	4	2
singles-160822-BM1137-CMP-LS-6	0	2	3
singles-160822-BM1137-CMP-LS-61	3	4	2
singles-160822-BM1137-CMP-LS-62	3	4	2
singles-160822-BM1137-CMP-LS-63	1	1	3
singles-160822-BM1137-CMP-LS-64	4	4	2
singles-160822-BM1137-CMP-LS-65	0	8	3
singles-160822-BM1137-CMP-LS-66	3	1	2
singles-160822-BM1137-CMP-LS-67	2	7	1
singles-160822-BM1137-CMP-LS-68	3	1	3
singles-160822-BM1137-CMP-LS-69	3	4	2
singles-160822-BM1137-CMP-LS-7	0	8	1
singles-160822-BM1137-CMP-LS-70	6	2	3
singles-160822-BM1137-CMP-LS-71	1	1	3
singles-160822-BM1137-CMP-LS-72	2	7	2
singles-160822-BM1137-CMP-LS-73	2	7	1
singles-160822-BM1137-CMP-LS-74	6	1	3
singles-160822-BM1137-CMP-LS-75	6	1	3
singles-160822-BM1137-CMP-LS-76	6	2	3
singles-160822-BM1137-CMP-LS-77	3	7	2
singles-160822-BM1137-CMP-LS-78	3	4	2
singles-160822-BM1137-CMP-LS-79	6	1	2
singles-160822-BM1137-CMP-LS-8	0	8	0
singles-160822-BM1137-CMP-LS-81	6	8	3
singles-160822-BM1137-CMP-LS-82	4	4	2
singles-160822-BM1137-CMP-LS-83	3	4	2
singles-160822-BM1137-CMP-LS-84	6	2	3
singles-160822-BM1137-CMP-LS-85	4	4	2
singles-160822-BM1137-CMP-LS-86	6	2	3
singles-160822-BM1137-CMP-LS-87	6	1	3
singles-160822-BM1137-CMP-LS-88	6	1	3
singles-160822-BM1137-CMP-LS-9	2	7	0
singles-160822-BM1137-CMP-LS-91	3	4	2
singles-160822-BM1137-CMP-LS-92	3	7	1
singles-160822-BM1137-CMP-LS-95	2	7	1
singles-160822-BM1137-CMP-LS-96	4	4	2
singles-20160617-scATAC-BM1077-CMP-HYC-1	3	4	2
singles-20160617-scATAC-BM1077-CMP-HYC-10	0	2	3
singles-20160617-scATAC-BM1077-CMP-HYC-11	3	1	2
singles-20160617-scATAC-BM1077-CMP-HYC-12	0	8	0
singles-20160617-scATAC-BM1077-CMP-HYC-15	3	1	2
singles-20160617-scATAC-BM1077-CMP-HYC-17	6	2	3
singles-20160617-scATAC-BM1077-CMP-HYC-19	4	4	2
singles-20160617-scATAC-BM1077-CMP-HYC-2	1	1	0
singles-20160617-scATAC-BM1077-CMP-HYC-20	3	1	2
singles-20160617-scATAC-BM1077-CMP-HYC-21	3	4	2
singles-20160617-scATAC-BM1077-CMP-HYC-24	3	4	2
singles-20160617-scATAC-BM1077-CMP-HYC-25	1	1	3
singles-20160617-scATAC-BM1077-CMP-HYC-26	4	4	2
singles-20160617-scATAC-BM1077-CMP-HYC-28	3	1	3
singles-20160617-scATAC-BM1077-CMP-HYC-3	6	2	2
singles-20160617-scATAC-BM1077-CMP-HYC-30	1	2	3
singles-20160617-scATAC-BM1077-CMP-HYC-31	3	1	2
singles-20160617-scATAC-BM1077-CMP-HYC-32	6	1	1
singles-20160617-scATAC-BM1077-CMP-HYC-33	6	1	2
singles-20160617-scATAC-BM1077-CMP-HYC-35	1	1	2
singles-20160617-scATAC-BM1077-CMP-HYC-36	1	2	2
singles-20160617-scATAC-BM1077-CMP-HYC-37	3	4	2
singles-20160617-scATAC-BM1077-CMP-HYC-38	4	4	2
singles-20160617-scATAC-BM1077-CMP-HYC-39	3	7	3
singles-20160617-scATAC-BM1077-CMP-HYC-40	2	7	1
singles-20160617-scATAC-BM1077-CMP-HYC-41	3	4	2
singles-20160617-scATAC-BM1077-CMP-HYC-44	3	7	1
singles-20160617-scATAC-BM1077-CMP-HYC-45	6	2	6
singles-20160617-scATAC-BM1077-CMP-HYC-46	6	2	3
singles-20160617-scATAC-BM1077-CMP-HYC-49	4	4	2
singles-20160617-scATAC-BM1077-CMP-HYC-5	3	4	2
singles-20160617-scATAC-BM1077-CMP-HYC-50	3	4	2
singles-20160617-scATAC-BM1077-CMP-HYC-51	3	4	1
singles-20160617-scATAC-BM1077-CMP-HYC-53	1	1	3
singles-20160617-scATAC-BM1077-CMP-HYC-55	0	7	0
singles-20160617-scATAC-BM1077-CMP-HYC-56	0	8	1
singles-20160617-scATAC-BM1077-CMP-HYC-59	6	1	3
singles-20160617-scATAC-BM1077-CMP-HYC-6	3	1	2
singles-20160617-scATAC-BM1077-CMP-HYC-60	1	1	3
singles-20160617-scATAC-BM1077-CMP-HYC-61	4	4	2
singles-20160617-scATAC-BM1077-CMP-HYC-62	3	4	2
singles-20160617-scATAC-BM1077-CMP-HYC-63	3	1	1
singles-20160617-scATAC-BM1077-CMP-HYC-64	6	2	3
singles-20160617-scATAC-BM1077-CMP-HYC-66	6	1	3
singles-20160617-scATAC-BM1077-CMP-HYC-68	1	1	3
singles-20160617-scATAC-BM1077-CMP-HYC-69	1	1	3
singles-20160617-scATAC-BM1077-CMP-HYC-7	3	4	2
singles-20160617-scATAC-BM1077-CMP-HYC-71	6	1	2
singles-20160617-scATAC-BM1077-CMP-HYC-73	6	1	3
singles-20160617-scATAC-BM1077-CMP-HYC-74	3	4	2
singles-20160617-scATAC-BM1077-CMP-HYC-76	6	1	3
singles-20160617-scATAC-BM1077-CMP-HYC-77	3	4	2
singles-20160617-scATAC-BM1077-CMP-HYC-78	0	8	1
singles-20160617-scATAC-BM1077-CMP-HYC-80	3	1	3
singles-20160617-scATAC-BM1077-CMP-HYC-84	3	4	2
singles-20160617-scATAC-BM1077-CMP-HYC-86	6	2	2
singles-20160617-scATAC-BM1077-CMP-HYC-87	3	4	2
singles-20160617-scATAC-BM1077-CMP-HYC-88	4	4	2
singles-20160617-scATAC-BM1077-CMP-HYC-9	3	4	2
singles-20160617-scATAC-BM1077-CMP-HYC-91	2	7	1
singles-20160617-scATAC-BM1077-CMP-HYC-94	1	2	3
singles-20160617-scATAC-BM1077-CMP-HYC-96	3	4	2
singles-20160617-scATAC-BM1214-CMP-LS-1	3	2	3
singles-20160617-scATAC-BM1214-CMP-LS-10	6	2	3
singles-20160617-scATAC-BM1214-CMP-LS-11	3	1	2
singles-20160617-scATAC-BM1214-CMP-LS-12	6	2	3
singles-20160617-scATAC-BM1214-CMP-LS-13	3	4	2
singles-20160617-scATAC-BM1214-CMP-LS-15	5	3	3
singles-20160617-scATAC-BM1214-CMP-LS-16	3	7	2
singles-20160617-scATAC-BM1214-CMP-LS-19	1	2	3
singles-20160617-scATAC-BM1214-CMP-LS-2	6	2	3
singles-20160617-scATAC-BM1214-CMP-LS-20	3	7	3
singles-20160617-scATAC-BM1214-CMP-LS-21	6	2	3
singles-20160617-scATAC-BM1214-CMP-LS-22	3	1	2
singles-20160617-scATAC-BM1214-CMP-LS-23	3	7	2
singles-20160617-scATAC-BM1214-CMP-LS-25	6	2	1
singles-20160617-scATAC-BM1214-CMP-LS-26	3	6	2
singles-20160617-scATAC-BM1214-CMP-LS-27	1	1	3
singles-20160617-scATAC-BM1214-CMP-LS-29	3	4	2
singles-20160617-scATAC-BM1214-CMP-LS-3	3	4	2
singles-20160617-scATAC-BM1214-CMP-LS-30	3	7	2
singles-20160617-scATAC-BM1214-CMP-LS-31	6	2	0
singles-20160617-scATAC-BM1214-CMP-LS-32	4	7	2
singles-20160617-scATAC-BM1214-CMP-LS-33	3	4	2
singles-20160617-scATAC-BM1214-CMP-LS-34	1	2	3
singles-20160617-scATAC-BM1214-CMP-LS-35	2	7	1
singles-20160617-scATAC-BM1214-CMP-LS-36	6	1	9
singles-20160617-scATAC-BM1214-CMP-LS-37	3	1	2
singles-20160617-scATAC-BM1214-CMP-LS-38	4	4	2
singles-20160617-scATAC-BM1214-CMP-LS-4	3	4	2
singles-20160617-scATAC-BM1214-CMP-LS-40	6	7	1
singles-20160617-scATAC-BM1214-CMP-LS-41	3	7	1
singles-20160617-scATAC-BM1214-CMP-LS-42	3	1	3
singles-20160617-scATAC-BM1214-CMP-LS-43	7	2	3
singles-20160617-scATAC-BM1214-CMP-LS-45	4	4	2
singles-20160617-scATAC-BM1214-CMP-LS-46	3	4	2
singles-20160617-scATAC-BM1214-CMP-LS-47	4	4	2
singles-20160617-scATAC-BM1214-CMP-LS-48	4	4	2
singles-20160617-scATAC-BM1214-CMP-LS-49	6	2	3
singles-20160617-scATAC-BM1214-CMP-LS-50	1	1	3
singles-20160617-scATAC-BM1214-CMP-LS-51	3	4	2
singles-20160617-scATAC-BM1214-CMP-LS-52	1	1	3
singles-20160617-scATAC-BM1214-CMP-LS-53	2	7	1
singles-20160617-scATAC-BM1214-CMP-LS-54	6	2	3
singles-20160617-scATAC-BM1214-CMP-LS-55	7	8	1
singles-20160617-scATAC-BM1214-CMP-LS-56	4	4	2
singles-20160617-scATAC-BM1214-CMP-LS-57	6	2	8
singles-20160617-scATAC-BM1214-CMP-LS-60	0	8	0
singles-20160617-scATAC-BM1214-CMP-LS-61	6	2	3
singles-20160617-scATAC-BM1214-CMP-LS-62	2	7	2
singles-20160617-scATAC-BM1214-CMP-LS-63	1	1	3
singles-20160617-scATAC-BM1214-CMP-LS-64	3	1	2
singles-20160617-scATAC-BM1214-CMP-LS-65	0	9	7
singles-20160617-scATAC-BM1214-CMP-LS-67	4	4	5
singles-20160617-scATAC-BM1214-CMP-LS-68	6	1	2
singles-20160617-scATAC-BM1214-CMP-LS-70	3	4	2
singles-20160617-scATAC-BM1214-CMP-LS-71	1	1	3
singles-20160617-scATAC-BM1214-CMP-LS-72	3	1	2
singles-20160617-scATAC-BM1214-CMP-LS-73	2	7	1
singles-20160617-scATAC-BM1214-CMP-LS-75	3	4	2
singles-20160617-scATAC-BM1214-CMP-LS-76	3	4	2
singles-20160617-scATAC-BM1214-CMP-LS-77	3	2	3
singles-20160617-scATAC-BM1214-CMP-LS-78	0	8	0
singles-20160617-scATAC-BM1214-CMP-LS-8	4	5	4
singles-20160617-scATAC-BM1214-CMP-LS-80	2	7	1
singles-20160617-scATAC-BM1214-CMP-LS-81	3	1	2
singles-20160617-scATAC-BM1214-CMP-LS-82	1	1	1
singles-20160617-scATAC-BM1214-CMP-LS-84	3	4	2
singles-20160617-scATAC-BM1214-CMP-LS-85	6	2	3
singles-20160617-scATAC-BM1214-CMP-LS-87	0	8	0
singles-20160617-scATAC-BM1214-CMP-LS-88	4	4	2
singles-20160617-scATAC-BM1214-CMP-LS-90	6	1	3
singles-20160617-scATAC-BM1214-CMP-LS-92	3	1	3
singles-20160617-scATAC-BM1214-CMP-LS-94	3	7	2
singles-20160617-scATAC-BM1214-CMP-LS-95	4	4	2
singles-20160617-scATAC-BM1214-CMP-LS-96	3	7	1
singles-20160726-scATAC-BM1137-GMP3high-HYC-1	0	8	0
singles-20160726-scATAC-BM1137-GMP3high-HYC-11	0	8	0
singles-20160726-scATAC-BM1137-GMP3high-HYC-12	5	2	3
singles-20160726-scATAC-BM1137-GMP3high-HYC-16	0	8	0
singles-20160726-scATAC-BM1137-GMP3high-HYC-17	5	3	0
singles-20160726-scATAC-BM1137-GMP3high-HYC-19	5	2	3
singles-20160726-scATAC-BM1137-GMP3high-HYC-20	8	8	0
singles-20160726-scATAC-BM1137-GMP3high-HYC-21	0	8	0
singles-20160726-scATAC-BM1137-GMP3high-HYC-22	0	8	0
singles-20160726-scATAC-BM1137-GMP3high-HYC-23	0	8	0
singles-20160726-scATAC-BM1137-GMP3high-HYC-24	5	3	0
singles-20160726-scATAC-BM1137-GMP3high-HYC-26	0	8	0
singles-20160726-scATAC-BM1137-GMP3high-HYC-27	0	8	0
singles-20160726-scATAC-BM1137-GMP3high-HYC-28	0	8	0
singles-20160726-scATAC-BM1137-GMP3high-HYC-29	0	8	0
singles-20160726-scATAC-BM1137-GMP3high-HYC-30	0	8	0
singles-20160726-scATAC-BM1137-GMP3high-HYC-31	0	8	0
singles-20160726-scATAC-BM1137-GMP3high-HYC-32	0	8	0
singles-20160726-scATAC-BM1137-GMP3high-HYC-33	0	8	0
singles-20160726-scATAC-BM1137-GMP3high-HYC-34	0	8	0
singles-20160726-scATAC-BM1137-GMP3high-HYC-35	0	8	0
singles-20160726-scATAC-BM1137-GMP3high-HYC-36	0	8	0
singles-20160726-scATAC-BM1137-GMP3high-HYC-39	0	8	0
singles-20160726-scATAC-BM1137-GMP3high-HYC-4	0	8	0
singles-20160726-scATAC-BM1137-GMP3high-HYC-40	5	3	0
singles-20160726-scATAC-BM1137-GMP3high-HYC-42	0	3	0
singles-20160726-scATAC-BM1137-GMP3high-HYC-44	5	3	0
singles-20160726-scATAC-BM1137-GMP3high-HYC-45	0	8	1
singles-20160726-scATAC-BM1137-GMP3high-HYC-46	0	8	0
singles-20160726-scATAC-BM1137-GMP3high-HYC-47	0	8	0
singles-20160726-scATAC-BM1137-GMP3high-HYC-48	0	8	0
singles-20160726-scATAC-BM1137-GMP3high-HYC-49	5	3	0
singles-20160726-scATAC-BM1137-GMP3high-HYC-5	5	3	3
singles-20160726-scATAC-BM1137-GMP3high-HYC-50	0	8	0
singles-20160726-scATAC-BM1137-GMP3high-HYC-52	6	3	0
singles-20160726-scATAC-BM1137-GMP3high-HYC-53	0	8	0
singles-20160726-scATAC-BM1137-GMP3high-HYC-54	0	8	0
singles-20160726-scATAC-BM1137-GMP3high-HYC-55	0	8	0
singles-20160726-scATAC-BM1137-GMP3high-HYC-57	0	8	0
singles-20160726-scATAC-BM1137-GMP3high-HYC-58	0	8	0
singles-20160726-scATAC-BM1137-GMP3high-HYC-59	7	7	1
singles-20160726-scATAC-BM1137-GMP3high-HYC-6	0	8	0
singles-20160726-scATAC-BM1137-GMP3high-HYC-60	0	8	0
singles-20160726-scATAC-BM1137-GMP3high-HYC-61	5	3	0
singles-20160726-scATAC-BM1137-GMP3high-HYC-62	0	3	0
singles-20160726-scATAC-BM1137-GMP3high-HYC-63	5	3	1
singles-20160726-scATAC-BM1137-GMP3high-HYC-65	0	8	0
singles-20160726-scATAC-BM1137-GMP3high-HYC-67	0	8	0
singles-20160726-scATAC-BM1137-GMP3high-HYC-68	5	3	0
singles-20160726-scATAC-BM1137-GMP3high-HYC-69	0	8	0
singles-20160726-scATAC-BM1137-GMP3high-HYC-7	0	8	0
singles-20160726-scATAC-BM1137-GMP3high-HYC-70	5	3	0
singles-20160726-scATAC-BM1137-GMP3high-HYC-71	0	8	0
singles-20160726-scATAC-BM1137-GMP3high-HYC-73	0	8	0
singles-20160726-scATAC-BM1137-GMP3high-HYC-75	0	8	0
singles-20160726-scATAC-BM1137-GMP3high-HYC-76	7	7	1
singles-20160726-scATAC-BM1137-GMP3high-HYC-77	5	3	0
singles-20160726-scATAC-BM1137-GMP3high-HYC-78	0	8	0
singles-20160726-scATAC-BM1137-GMP3high-HYC-79	0	8	0
singles-20160726-scATAC-BM1137-GMP3high-HYC-8	0	8	0
singles-20160726-scATAC-BM1137-GMP3high-HYC-80	5	3	0
singles-20160726-scATAC-BM1137-GMP3high-HYC-81	5	8	0
singles-20160726-scATAC-BM1137-GMP3high-HYC-82	5	2	3
singles-20160726-scATAC-BM1137-GMP3high-HYC-83	5	3	0
singles-20160726-scATAC-BM1137-GMP3high-HYC-84	0	8	0
singles-20160726-scATAC-BM1137-GMP3high-HYC-85	0	8	0
singles-20160726-scATAC-BM1137-GMP3high-HYC-86	0	8	0
singles-20160726-scATAC-BM1137-GMP3high-HYC-88	0	8	0
singles-20160726-scATAC-BM1137-GMP3high-HYC-89	0	8	0
singles-20160726-scATAC-BM1137-GMP3high-HYC-90	0	8	0
singles-20160726-scATAC-BM1137-GMP3high-HYC-91	0	8	0
singles-20160726-scATAC-BM1137-GMP3high-HYC-94	0	8	0
singles-20160726-scATAC-BM1137-GMP3high-HYC-95	0	8	0
singles-20160726-scATAC-BM1137-GMP3high-HYC-96	0	8	0
singles-20160726-scATAC-BM1214-CMP-LS-1	4	4	2
singles-20160726-scATAC-BM1214-CMP-LS-10	6	1	3
singles-20160726-scATAC-BM1214-CMP-LS-12	2	7	1
singles-20160726-scATAC-BM1214-CMP-LS-14	3	4	2
singles-20160726-scATAC-BM1214-CMP-LS-17	3	4	2
singles-20160726-scATAC-BM1214-CMP-LS-19	4	4	2
singles-20160726-scATAC-BM1214-CMP-LS-2	3	4	2
singles-20160726-scATAC-BM1214-CMP-LS-20	6	7	1
singles-20160726-scATAC-BM1214-CMP-LS-22	2	7	1
singles-20160726-scATAC-BM1214-CMP-LS-23	3	7	2
singles-20160726-scATAC-BM1214-CMP-LS-24	3	4	2
singles-20160726-scATAC-BM1214-CMP-LS-26	3	4	2
singles-20160726-scATAC-BM1214-CMP-LS-27	3	7	1
singles-20160726-scATAC-BM1214-CMP-LS-28	6	3	1
singles-20160726-scATAC-BM1214-CMP-LS-3	4	4	2
singles-20160726-scATAC-BM1214-CMP-LS-30	3	1	2
singles-20160726-scATAC-BM1214-CMP-LS-32	0	1	0
singles-20160726-scATAC-BM1214-CMP-LS-33	2	7	1
singles-20160726-scATAC-BM1214-CMP-LS-36	3	7	1
singles-20160726-scATAC-BM1214-CMP-LS-37	0	8	0
singles-20160726-scATAC-BM1214-CMP-LS-39	6	2	3
singles-20160726-scATAC-BM1214-CMP-LS-4	0	8	0
singles-20160726-scATAC-BM1214-CMP-LS-40	3	4	2
singles-20160726-scATAC-BM1214-CMP-LS-42	3	4	2
singles-20160726-scATAC-BM1214-CMP-LS-43	2	7	1
singles-20160726-scATAC-BM1214-CMP-LS-47	4	4	2
singles-20160726-scATAC-BM1214-CMP-LS-48	3	7	2
singles-20160726-scATAC-BM1214-CMP-LS-49	4	7	1
singles-20160726-scATAC-BM1214-CMP-LS-5	4	7	1
singles-20160726-scATAC-BM1214-CMP-LS-50	3	7	2
singles-20160726-scATAC-BM1214-CMP-LS-51	3	7	1
singles-20160726-scATAC-BM1214-CMP-LS-52	3	4	2
singles-20160726-scATAC-BM1214-CMP-LS-53	3	7	1
singles-20160726-scATAC-BM1214-CMP-LS-54	3	4	2
singles-20160726-scATAC-BM1214-CMP-LS-55	3	4	2
singles-20160726-scATAC-BM1214-CMP-LS-56	2	7	1
singles-20160726-scATAC-BM1214-CMP-LS-57	0	8	1
singles-20160726-scATAC-BM1214-CMP-LS-59	3	4	2
singles-20160726-scATAC-BM1214-CMP-LS-6	3	4	2
singles-20160726-scATAC-BM1214-CMP-LS-60	3	4	2
singles-20160726-scATAC-BM1214-CMP-LS-61	3	4	2
singles-20160726-scATAC-BM1214-CMP-LS-64	2	7	1
singles-20160726-scATAC-BM1214-CMP-LS-66	3	4	2
singles-20160726-scATAC-BM1214-CMP-LS-68	3	4	2
singles-20160726-scATAC-BM1214-CMP-LS-7	3	7	2
singles-20160726-scATAC-BM1214-CMP-LS-71	2	7	1
singles-20160726-scATAC-BM1214-CMP-LS-72	3	4	2
singles-20160726-scATAC-BM1214-CMP-LS-74	3	7	1
singles-20160726-scATAC-BM1214-CMP-LS-75	6	7	1
singles-20160726-scATAC-BM1214-CMP-LS-77	3	1	3
singles-20160726-scATAC-BM1214-CMP-LS-79	3	4	2
singles-20160726-scATAC-BM1214-CMP-LS-81	6	1	1
singles-20160726-scATAC-BM1214-CMP-LS-82	0	8	0
singles-20160726-scATAC-BM1214-CMP-LS-83	3	4	2
singles-20160726-scATAC-BM1214-CMP-LS-84	6	7	2
singles-20160726-scATAC-BM1214-CMP-LS-86	2	7	1
singles-20160726-scATAC-BM1214-CMP-LS-88	4	4	2
singles-20160726-scATAC-BM1214-CMP-LS-89	4	7	1
singles-20160726-scATAC-BM1214-CMP-LS-90	6	1	1
singles-20160726-scATAC-BM1214-CMP-LS-92	3	4	2
singles-20160726-scATAC-BM1214-CMP-LS-93	3	4	2
singles-20160726-scATAC-BM1214-CMP-LS-95	3	7	1
singles-20160726-scATAC-BM1214-CMP-LS-96	3	7	1
singles-BM0106-HSC-LS-160219-1	1	1	3
singles-BM0106-HSC-LS-160219-10	1	1	3
singles-BM0106-HSC-LS-160219-12	1	1	3
singles-BM0106-HSC-LS-160219-14	1	1	3
singles-BM0106-HSC-LS-160219-18	1	1	3
singles-BM0106-HSC-LS-160219-2	1	1	3
singles-BM0106-HSC-LS-160219-20	6	7	1
singles-BM0106-HSC-LS-160219-23	1	1	3
singles-BM0106-HSC-LS-160219-25	1	1	3
singles-BM0106-HSC-LS-160219-26	6	1	3
singles-BM0106-HSC-LS-160219-27	1	1	3
singles-BM0106-HSC-LS-160219-28	1	1	1
singles-BM0106-HSC-LS-160219-3	1	1	3
singles-BM0106-HSC-LS-160219-30	1	1	3
singles-BM0106-HSC-LS-160219-32	1	1	3
singles-BM0106-HSC-LS-160219-33	1	1	3
singles-BM0106-HSC-LS-160219-34	1	1	3
singles-BM0106-HSC-LS-160219-35	1	1	3
singles-BM0106-HSC-LS-160219-37	1	1	3
singles-BM0106-HSC-LS-160219-38	1	1	3
singles-BM0106-HSC-LS-160219-39	1	1	3
singles-BM0106-HSC-LS-160219-4	1	1	3
singles-BM0106-HSC-LS-160219-40	1	1	3
singles-BM0106-HSC-LS-160219-41	1	1	3
singles-BM0106-HSC-LS-160219-42	6	1	1
singles-BM0106-HSC-LS-160219-43	1	1	3
singles-BM0106-HSC-LS-160219-44	1	1	3
singles-BM0106-HSC-LS-160219-45	2	7	1
singles-BM0106-HSC-LS-160219-46	3	7	2
singles-BM0106-HSC-LS-160219-47	2	7	1
singles-BM0106-HSC-LS-160219-49	1	1	3
singles-BM0106-HSC-LS-160219-5	1	2	3
singles-BM0106-HSC-LS-160219-52	1	1	3
singles-BM0106-HSC-LS-160219-54	1	1	3
singles-BM0106-HSC-LS-160219-55	1	1	3
singles-BM0106-HSC-LS-160219-56	1	1	3
singles-BM0106-HSC-LS-160219-57	6	1	1
singles-BM0106-HSC-LS-160219-58	1	1	3
singles-BM0106-HSC-LS-160219-59	1	1	3
singles-BM0106-HSC-LS-160219-60	1	1	3
singles-BM0106-HSC-LS-160219-62	1	1	3
singles-BM0106-HSC-LS-160219-63	1	1	3
singles-BM0106-HSC-LS-160219-64	9	1	1
singles-BM0106-HSC-LS-160219-65	1	1	3
singles-BM0106-HSC-LS-160219-66	1	1	3
singles-BM0106-HSC-LS-160219-69	1	1	3
singles-BM0106-HSC-LS-160219-7	1	1	3
singles-BM0106-HSC-LS-160219-70	1	1	3
singles-BM0106-HSC-LS-160219-71	1	1	3
singles-BM0106-HSC-LS-160219-73	1	1	3
singles-BM0106-HSC-LS-160219-74	1	1	3
singles-BM0106-HSC-LS-160219-75	1	1	3
singles-BM0106-HSC-LS-160219-76	1	1	3
singles-BM0106-HSC-LS-160219-77	1	1	3
singles-BM0106-HSC-LS-160219-78	1	1	3
singles-BM0106-HSC-LS-160219-79	1	1	3
singles-BM0106-HSC-LS-160219-8	1	1	3
singles-BM0106-HSC-LS-160219-82	1	1	3
singles-BM0106-HSC-LS-160219-83	1	1	3
singles-BM0106-HSC-LS-160219-85	1	1	3
singles-BM0106-HSC-LS-160219-86	1	1	3
singles-BM0106-HSC-LS-160219-87	1	1	3
singles-BM0106-HSC-LS-160219-88	1	1	3
singles-BM0106-HSC-LS-160219-9	1	1	3
singles-BM0106-HSC-LS-160219-90	1	1	3
singles-BM0106-HSC-LS-160219-91	1	1	3
singles-BM0106-HSC-LS-160219-92	1	1	3
singles-BM0106-HSC-LS-160219-96	1	1	3
singles-BM0106-HSC-SIM-160219-10	1	1	3
singles-BM0106-HSC-SIM-160219-11	1	1	3
singles-BM0106-HSC-SIM-160219-12	1	1	3
singles-BM0106-HSC-SIM-160219-17	1	1	3
singles-BM0106-HSC-SIM-160219-18	1	1	3
singles-BM0106-HSC-SIM-160219-19	1	1	0
singles-BM0106-HSC-SIM-160219-2	6	1	1
singles-BM0106-HSC-SIM-160219-23	1	1	3
singles-BM0106-HSC-SIM-160219-24	1	1	3
singles-BM0106-HSC-SIM-160219-25	1	1	3
singles-BM0106-HSC-SIM-160219-26	1	1	3
singles-BM0106-HSC-SIM-160219-27	1	1	3
singles-BM0106-HSC-SIM-160219-28	1	1	3
singles-BM0106-HSC-SIM-160219-29	1	1	3
singles-BM0106-HSC-SIM-160219-3	1	1	3
singles-BM0106-HSC-SIM-160219-30	1	1	3
singles-BM0106-HSC-SIM-160219-31	0	1	3
singles-BM0106-HSC-SIM-160219-32	1	1	3
singles-BM0106-HSC-SIM-160219-33	2	7	1
singles-BM0106-HSC-SIM-160219-34	1	1	3
singles-BM0106-HSC-SIM-160219-35	1	1	3
singles-BM0106-HSC-SIM-160219-36	1	1	3
singles-BM0106-HSC-SIM-160219-37	1	1	3
singles-BM0106-HSC-SIM-160219-39	1	1	3
singles-BM0106-HSC-SIM-160219-4	1	1	3
singles-BM0106-HSC-SIM-160219-40	1	1	3
singles-BM0106-HSC-SIM-160219-41	1	1	3
singles-BM0106-HSC-SIM-160219-42	2	7	3
singles-BM0106-HSC-SIM-160219-43	1	1	3
singles-BM0106-HSC-SIM-160219-45	1	1	3
singles-BM0106-HSC-SIM-160219-46	1	1	3
singles-BM0106-HSC-SIM-160219-48	1	1	3
singles-BM0106-HSC-SIM-160219-49	3	1	1
singles-BM0106-HSC-SIM-160219-50	1	1	3
singles-BM0106-HSC-SIM-160219-51	1	1	3
singles-BM0106-HSC-SIM-160219-52	1	1	3
singles-BM0106-HSC-SIM-160219-53	1	1	3
singles-BM0106-HSC-SIM-160219-54	2	7	1
singles-BM0106-HSC-SIM-160219-55	1	1	3
singles-BM0106-HSC-SIM-160219-56	1	1	3
singles-BM0106-HSC-SIM-160219-57	1	1	3
singles-BM0106-HSC-SIM-160219-58	1	1	3
singles-BM0106-HSC-SIM-160219-6	1	2	3
singles-BM0106-HSC-SIM-160219-60	1	1	3
singles-BM0106-HSC-SIM-160219-61	1	1	3
singles-BM0106-HSC-SIM-160219-63	1	1	3
singles-BM0106-HSC-SIM-160219-64	1	1	3
singles-BM0106-HSC-SIM-160219-65	1	1	3
singles-BM0106-HSC-SIM-160219-66	1	1	3
singles-BM0106-HSC-SIM-160219-67	1	1	3
singles-BM0106-HSC-SIM-160219-68	1	1	3
singles-BM0106-HSC-SIM-160219-69	1	1	3
singles-BM0106-HSC-SIM-160219-70	1	1	3
singles-BM0106-HSC-SIM-160219-71	1	1	3
singles-BM0106-HSC-SIM-160219-72	1	1	3
singles-BM0106-HSC-SIM-160219-73	1	1	3
singles-BM0106-HSC-SIM-160219-74	1	1	3
singles-BM0106-HSC-SIM-160219-75	2	7	1
singles-BM0106-HSC-SIM-160219-76	1	1	3
singles-BM0106-HSC-SIM-160219-77	1	1	3
singles-BM0106-HSC-SIM-160219-78	1	1	3
singles-BM0106-HSC-SIM-160219-79	1	2	3
singles-BM0106-HSC-SIM-160219-81	1	2	3
singles-BM0106-HSC-SIM-160219-84	1	1	3
singles-BM0106-HSC-SIM-160219-85	1	1	3
singles-BM0106-HSC-SIM-160219-86	1	1	3
singles-BM0106-HSC-SIM-160219-87	1	1	3
singles-BM0106-HSC-SIM-160219-88	1	1	3
singles-BM0106-HSC-SIM-160219-89	3	1	3
singles-BM0106-HSC-SIM-160219-9	1	1	3
singles-BM0106-HSC-SIM-160219-90	1	1	3
singles-BM0106-HSC-SIM-160219-91	1	1	3
singles-BM0106-HSC-SIM-160219-92	1	1	3
singles-BM0106-HSC-SIM-160219-94	1	1	3
singles-BM0106-HSC-SIM-160219-95	2	1	1
singles-BM0106-UNK-160418-10	0	8	0
singles-BM0106-UNK-160418-11	0	8	0
singles-BM0106-UNK-160418-12	0	8	0
singles-BM0106-UNK-160418-13	0	2	0
singles-BM0106-UNK-160418-14	0	2	0
singles-BM0106-UNK-160418-16	0	8	0
singles-BM0106-UNK-160418-17	0	8	0
singles-BM0106-UNK-160418-18	0	8	0
singles-BM0106-UNK-160418-19	0	2	3
singles-BM0106-UNK-160418-2	0	8	0
singles-BM0106-UNK-160418-21	0	8	0
singles-BM0106-UNK-160418-22	0	8	0
singles-BM0106-UNK-160418-23	0	8	0
singles-BM0106-UNK-160418-24	0	8	0
singles-BM0106-UNK-160418-26	0	8	0
singles-BM0106-UNK-160418-27	0	8	0
singles-BM0106-UNK-160418-28	6	3	1
singles-BM0106-UNK-160418-3	0	8	0
singles-BM0106-UNK-160418-30	0	8	0
singles-BM0106-UNK-160418-32	0	8	0
singles-BM0106-UNK-160418-34	0	8	0
singles-BM0106-UNK-160418-35	6	2	3
singles-BM0106-UNK-160418-36	0	8	0
singles-BM0106-UNK-160418-38	0	8	0
singles-BM0106-UNK-160418-39	5	3	3
singles-BM0106-UNK-160418-4	0	8	0
singles-BM0106-UNK-160418-40	0	8	0
singles-BM0106-UNK-160418-41	0	8	0
singles-BM0106-UNK-160418-42	0	8	0
singles-BM0106-UNK-160418-43	0	8	0
singles-BM0106-UNK-160418-47	0	8	0
singles-BM0106-UNK-160418-48	0	8	0
singles-BM0106-UNK-160418-5	0	8	0
singles-BM0106-UNK-160418-51	0	8	0
singles-BM0106-UNK-160418-56	0	8	0
singles-BM0106-UNK-160418-59	0	8	0
singles-BM0106-UNK-160418-6	6	8	0
singles-BM0106-UNK-160418-62	0	8	0
singles-BM0106-UNK-160418-64	0	8	0
singles-BM0106-UNK-160418-65	0	8	0
singles-BM0106-UNK-160418-66	0	8	0
singles-BM0106-UNK-160418-68	0	8	0
singles-BM0106-UNK-160418-70	0	8	0
singles-BM0106-UNK-160418-72	0	8	0
singles-BM0106-UNK-160418-73	0	8	0
singles-BM0106-UNK-160418-76	0	8	0
singles-BM0106-UNK-160418-77	0	8	0
singles-BM0106-UNK-160418-8	0	2	0
singles-BM0106-UNK-160418-80	0	8	0
singles-BM0106-UNK-160418-81	0	8	0
singles-BM0106-UNK-160418-83	0	8	0
singles-BM0106-UNK-160418-85	0	8	0
singles-BM0106-UNK-160418-86	6	2	3
singles-BM0106-UNK-160418-87	0	8	0
singles-BM0106-UNK-160418-89	0	8	0
singles-BM0106-UNK-160418-90	0	8	0
singles-BM0106-UNK-160418-91	0	8	0
singles-BM0106-UNK-160418-92	0	2	0
singles-BM0106-UNK-160418-95	0	8	0
singles-BM0106-UNK-160418-96	0	8	0
singles-BM0828-CLP-frozen-151103-13	7	7	1
singles-BM0828-CLP-frozen-151103-15	7	7	1
singles-BM0828-CLP-frozen-151103-17	7	7	1
singles-BM0828-CLP-frozen-151103-18	7	7	1
singles-BM0828-CLP-frozen-151103-2	7	3	1
singles-BM0828-CLP-frozen-151103-20	7	7	1
singles-BM0828-CLP-frozen-151103-21	7	7	1
singles-BM0828-CLP-frozen-151103-24	7	3	1
singles-BM0828-CLP-frozen-151103-25	7	7	1
singles-BM0828-CLP-frozen-151103-27	7	7	1
singles-BM0828-CLP-frozen-151103-28	7	7	1
singles-BM0828-CLP-frozen-151103-29	7	3	1
singles-BM0828-CLP-frozen-151103-3	7	7	1
singles-BM0828-CLP-frozen-151103-30	7	7	1
singles-BM0828-CLP-frozen-151103-31	7	7	1
singles-BM0828-CLP-frozen-151103-32	7	7	1
singles-BM0828-CLP-frozen-151103-33	7	7	1
singles-BM0828-CLP-frozen-151103-34	7	7	1
singles-BM0828-CLP-frozen-151103-35	7	7	1
singles-BM0828-CLP-frozen-151103-39	7	7	1
singles-BM0828-CLP-frozen-151103-4	7	7	1
singles-BM0828-CLP-frozen-151103-40	7	3	1
singles-BM0828-CLP-frozen-151103-45	7	0	1
singles-BM0828-CLP-frozen-151103-46	7	3	1
singles-BM0828-CLP-frozen-151103-47	7	3	1
singles-BM0828-CLP-frozen-151103-48	7	7	1
singles-BM0828-CLP-frozen-151103-50	7	3	3
singles-BM0828-CLP-frozen-151103-52	7	7	1
singles-BM0828-CLP-frozen-151103-54	7	3	1
singles-BM0828-CLP-frozen-151103-55	7	7	1
singles-BM0828-CLP-frozen-151103-59	7	7	1
singles-BM0828-CLP-frozen-151103-6	7	3	1
singles-BM0828-CLP-frozen-151103-61	5	3	3
singles-BM0828-CLP-frozen-151103-62	7	7	1
singles-BM0828-CLP-frozen-151103-64	7	7	1
singles-BM0828-CLP-frozen-151103-65	7	7	1
singles-BM0828-CLP-frozen-151103-67	7	7	1
singles-BM0828-CLP-frozen-151103-68	7	7	0
singles-BM0828-CLP-frozen-151103-7	7	7	1
singles-BM0828-CLP-frozen-151103-71	7	7	1
singles-BM0828-CLP-frozen-151103-73	7	7	1
singles-BM0828-CLP-frozen-151103-78	7	7	1
singles-BM0828-CLP-frozen-151103-79	7	7	1
singles-BM0828-CLP-frozen-151103-8	7	7	1
singles-BM0828-CLP-frozen-151103-80	7	7	1
singles-BM0828-CLP-frozen-151103-84	7	3	1
singles-BM0828-CLP-frozen-151103-85	7	3	1
singles-BM0828-CLP-frozen-151103-87	7	7	1
singles-BM0828-CLP-frozen-151103-93	7	3	3
singles-BM0828-CLP-frozen-151103-95	7	7	1
singles-BM0828-CLP-frozen-151103-96	7	3	1
singles-BM0828-CMP-frozen-151118-1	2	7	1
singles-BM0828-CMP-frozen-151118-10	4	7	1
singles-BM0828-CMP-frozen-151118-11	6	1	2
singles-BM0828-CMP-frozen-151118-12	2	7	1
singles-BM0828-CMP-frozen-151118-13	2	7	1
singles-BM0828-CMP-frozen-151118-14	2	7	1
singles-BM0828-CMP-frozen-151118-15	2	7	1
singles-BM0828-CMP-frozen-151118-18	2	7	1
singles-BM0828-CMP-frozen-151118-19	4	7	1
singles-BM0828-CMP-frozen-151118-2	3	7	1
singles-BM0828-CMP-frozen-151118-21	4	7	1
singles-BM0828-CMP-frozen-151118-22	2	7	1
singles-BM0828-CMP-frozen-151118-23	4	7	1
singles-BM0828-CMP-frozen-151118-24	2	7	1
singles-BM0828-CMP-frozen-151118-25	4	4	2
singles-BM0828-CMP-frozen-151118-26	2	7	1
singles-BM0828-CMP-frozen-151118-28	6	2	1
singles-BM0828-CMP-frozen-151118-3	2	7	1
singles-BM0828-CMP-frozen-151118-30	3	4	1
singles-BM0828-CMP-frozen-151118-31	4	4	1
singles-BM0828-CMP-frozen-151118-32	2	7	1
singles-BM0828-CMP-frozen-151118-33	4	7	1
singles-BM0828-CMP-frozen-151118-35	2	7	1
singles-BM0828-CMP-frozen-151118-36	2	7	1
singles-BM0828-CMP-frozen-151118-37	4	4	2
singles-BM0828-CMP-frozen-151118-38	3	7	1
singles-BM0828-CMP-frozen-151118-39	4	7	1
singles-BM0828-CMP-frozen-151118-4	4	4	2
singles-BM0828-CMP-frozen-151118-40	2	7	1
singles-BM0828-CMP-frozen-151118-41	3	4	2
singles-BM0828-CMP-frozen-151118-42	4	7	2
singles-BM0828-CMP-frozen-151118-43	2	7	1
singles-BM0828-CMP-frozen-151118-44	4	7	1
singles-BM0828-CMP-frozen-151118-45	2	7	1
singles-BM0828-CMP-frozen-151118-46	2	7	1
singles-BM0828-CMP-frozen-151118-47	2	7	1
singles-BM0828-CMP-frozen-151118-48	3	7	1
singles-BM0828-CMP-frozen-151118-49	2	7	1
singles-BM0828-CMP-frozen-151118-5	2	7	1
singles-BM0828-CMP-frozen-151118-50	4	7	1
singles-BM0828-CMP-frozen-151118-51	2	7	1
singles-BM0828-CMP-frozen-151118-52	4	4	2
singles-BM0828-CMP-frozen-151118-54	4	4	2
singles-BM0828-CMP-frozen-151118-55	2	7	1
singles-BM0828-CMP-frozen-151118-56	4	7	1
singles-BM0828-CMP-frozen-151118-57	2	7	1
singles-BM0828-CMP-frozen-151118-58	3	4	2
singles-BM0828-CMP-frozen-151118-59	3	4	2
singles-BM0828-CMP-frozen-151118-6	2	7	1
singles-BM0828-CMP-frozen-151118-60	2	7	1
singles-BM0828-CMP-frozen-151118-61	3	4	2
singles-BM0828-CMP-frozen-151118-62	4	4	2
singles-BM0828-CMP-frozen-151118-63	2	7	1
singles-BM0828-CMP-frozen-151118-64	4	7	2
singles-BM0828-CMP-frozen-151118-65	4	7	1
singles-BM0828-CMP-frozen-151118-67	2	7	1
singles-BM0828-CMP-frozen-151118-69	6	7	1
singles-BM0828-CMP-frozen-151118-70	2	7	1
singles-BM0828-CMP-frozen-151118-71	2	7	1
singles-BM0828-CMP-frozen-151118-72	2	7	1
singles-BM0828-CMP-frozen-151118-73	2	7	1
singles-BM0828-CMP-frozen-151118-74	4	4	2
singles-BM0828-CMP-frozen-151118-75	2	7	1
singles-BM0828-CMP-frozen-151118-76	3	4	1
singles-BM0828-CMP-frozen-151118-77	3	4	2
singles-BM0828-CMP-frozen-151118-79	2	7	1
singles-BM0828-CMP-frozen-151118-80	4	4	2
singles-BM0828-CMP-frozen-151118-81	2	4	2
singles-BM0828-CMP-frozen-151118-82	4	7	1
singles-BM0828-CMP-frozen-151118-83	2	7	1
singles-BM0828-CMP-frozen-151118-84	2	7	1
singles-BM0828-CMP-frozen-151118-85	2	7	1
singles-BM0828-CMP-frozen-151118-86	3	7	1
singles-BM0828-CMP-frozen-151118-87	2	7	1
singles-BM0828-CMP-frozen-151118-89	6	8	0
singles-BM0828-CMP-frozen-151118-90	4	4	2
singles-BM0828-CMP-frozen-151118-91	3	7	2
singles-BM0828-CMP-frozen-151118-92	0	8	1
singles-BM0828-CMP-frozen-151118-95	2	7	1
singles-BM0828-CMP-frozen-151118-96	2	7	1
singles-BM0828-GMP-151027-11	0	3	3
singles-BM0828-GMP-151027-12	0	8	0
singles-BM0828-GMP-151027-13	7	7	1
singles-BM0828-GMP-151027-14	0	8	0
singles-BM0828-GMP-151027-15	0	3	1
singles-BM0828-GMP-151027-16	5	3	1
singles-BM0828-GMP-151027-17	0	8	0
singles-BM0828-GMP-151027-18	0	8	0
singles-BM0828-GMP-151027-2	0	8	0
singles-BM0828-GMP-151027-20	7	3	1
singles-BM0828-GMP-151027-21	0	8	0
singles-BM0828-GMP-151027-22	8	8	0
singles-BM0828-GMP-151027-23	0	7	0
singles-BM0828-GMP-151027-24	8	8	0
singles-BM0828-GMP-151027-25	8	8	0
singles-BM0828-GMP-151027-26	7	3	0
singles-BM0828-GMP-151027-27	6	3	3
singles-BM0828-GMP-151027-28	7	3	1
singles-BM0828-GMP-151027-3	0	7	0
singles-BM0828-GMP-151027-30	0	8	0
singles-BM0828-GMP-151027-31	6	2	3
singles-BM0828-GMP-151027-32	0	8	3
singles-BM0828-GMP-151027-33	7	3	1
singles-BM0828-GMP-151027-35	0	8	1
singles-BM0828-GMP-151027-36	0	7	0
singles-BM0828-GMP-151027-39	5	3	1
singles-BM0828-GMP-151027-4	5	3	1
singles-BM0828-GMP-151027-40	0	3	3
singles-BM0828-GMP-151027-42	7	3	1
singles-BM0828-GMP-151027-43	0	8	0
singles-BM0828-GMP-151027-44	0	8	0
singles-BM0828-GMP-151027-45	0	8	0
singles-BM0828-GMP-151027-46	7	3	1
singles-BM0828-GMP-151027-47	0	7	0
singles-BM0828-GMP-151027-48	7	7	1
singles-BM0828-GMP-151027-49	0	8	1
singles-BM0828-GMP-151027-5	7	7	0
singles-BM0828-GMP-151027-50	0	8	0
singles-BM0828-GMP-151027-51	7	7	1
singles-BM0828-GMP-151027-52	5	3	1
singles-BM0828-GMP-151027-54	8	8	0
singles-BM0828-GMP-151027-56	0	8	0
singles-BM0828-GMP-151027-58	0	8	0
singles-BM0828-GMP-151027-59	0	8	0
singles-BM0828-GMP-151027-60	0	8	0
singles-BM0828-GMP-151027-61	7	7	0
singles-BM0828-GMP-151027-62	7	7	1
singles-BM0828-GMP-151027-63	2	7	0
singles-BM0828-GMP-151027-64	0	8	0
singles-BM0828-GMP-151027-66	0	8	0
singles-BM0828-GMP-151027-67	7	3	1
singles-BM0828-GMP-151027-68	0	8	0
singles-BM0828-GMP-151027-70	8	8	0
singles-BM0828-GMP-151027-71	5	3	1
singles-BM0828-GMP-151027-72	0	7	0
singles-BM0828-GMP-151027-73	0	7	0
singles-BM0828-GMP-151027-74	6	8	0
singles-BM0828-GMP-151027-76	0	8	0
singles-BM0828-GMP-151027-77	7	8	0
singles-BM0828-GMP-151027-78	0	8	0
singles-BM0828-GMP-151027-8	8	8	0
singles-BM0828-GMP-151027-83	0	8	0
singles-BM0828-GMP-151027-85	0	8	0
singles-BM0828-GMP-151027-86	2	7	1
singles-BM0828-GMP-151027-88	0	3	0
singles-BM0828-GMP-151027-92	7	3	1
singles-BM0828-GMP-151027-93	7	7	1
singles-BM0828-GMP-151027-95	7	7	1
singles-BM0828-HSC-fresh-151027-1	2	7	1
singles-BM0828-HSC-fresh-151027-10	2	7	1
singles-BM0828-HSC-fresh-151027-11	6	7	1
singles-BM0828-HSC-fresh-151027-12	2	7	1
singles-BM0828-HSC-fresh-151027-13	2	7	1
singles-BM0828-HSC-fresh-151027-14	2	7	1
singles-BM0828-HSC-fresh-151027-15	2	7	1
singles-BM0828-HSC-fresh-151027-17	2	7	1
singles-BM0828-HSC-fresh-151027-18	7	3	3
singles-BM0828-HSC-fresh-151027-2	2	7	1
singles-BM0828-HSC-fresh-151027-20	2	7	1
singles-BM0828-HSC-fresh-151027-21	2	7	1
singles-BM0828-HSC-fresh-151027-22	2	7	1
singles-BM0828-HSC-fresh-151027-23	2	7	1
singles-BM0828-HSC-fresh-151027-24	2	7	1
singles-BM0828-HSC-fresh-151027-25	2	7	1
singles-BM0828-HSC-fresh-151027-26	2	7	1
singles-BM0828-HSC-fresh-151027-28	2	7	1
singles-BM0828-HSC-fresh-151027-3	2	7	1
singles-BM0828-HSC-fresh-151027-30	2	7	1
singles-BM0828-HSC-fresh-151027-31	2	7	1
singles-BM0828-HSC-fresh-151027-32	2	7	1
singles-BM0828-HSC-fresh-151027-33	2	7	1
singles-BM0828-HSC-fresh-151027-34	2	7	1
singles-BM0828-HSC-fresh-151027-35	2	7	1
singles-BM0828-HSC-fresh-151027-37	2	7	1
singles-BM0828-HSC-fresh-151027-38	2	7	1
singles-BM0828-HSC-fresh-151027-39	2	7	1
singles-BM0828-HSC-fresh-151027-4	2	7	1
singles-BM0828-HSC-fresh-151027-40	2	7	1
singles-BM0828-HSC-fresh-151027-41	2	7	1
singles-BM0828-HSC-fresh-151027-42	2	7	1
singles-BM0828-HSC-fresh-151027-43	2	7	1
singles-BM0828-HSC-fresh-151027-44	2	7	1
singles-BM0828-HSC-fresh-151027-45	2	7	1
singles-BM0828-HSC-fresh-151027-46	2	7	1
singles-BM0828-HSC-fresh-151027-47	2	7	1
singles-BM0828-HSC-fresh-151027-48	2	7	1
singles-BM0828-HSC-fresh-151027-49	2	7	1
singles-BM0828-HSC-fresh-151027-5	2	7	1
singles-BM0828-HSC-fresh-151027-50	2	7	1
singles-BM0828-HSC-fresh-151027-51	2	7	1
singles-BM0828-HSC-fresh-151027-52	2	7	1
singles-BM0828-HSC-fresh-151027-53	2	7	1
singles-BM0828-HSC-fresh-151027-55	2	7	1
singles-BM0828-HSC-fresh-151027-56	2	7	1
singles-BM0828-HSC-fresh-151027-57	2	7	1
singles-BM0828-HSC-fresh-151027-58	2	7	1
singles-BM0828-HSC-fresh-151027-59	2	7	1
singles-BM0828-HSC-fresh-151027-6	2	7	1
singles-BM0828-HSC-fresh-151027-60	2	7	1
singles-BM0828-HSC-fresh-151027-61	2	7	1
singles-BM0828-HSC-fresh-151027-63	2	7	1
singles-BM0828-HSC-fresh-151027-64	2	7	1
singles-BM0828-HSC-fresh-151027-65	2	7	1
singles-BM0828-HSC-fresh-151027-66	2	7	1
singles-BM0828-HSC-fresh-151027-67	2	7	1
singles-BM0828-HSC-fresh-151027-68	2	7	1
singles-BM0828-HSC-fresh-151027-7	2	7	1
singles-BM0828-HSC-fresh-151027-70	2	7	1
singles-BM0828-HSC-fresh-151027-71	2	7	1
singles-BM0828-HSC-fresh-151027-72	2	7	1
singles-BM0828-HSC-fresh-151027-73	2	7	1
singles-BM0828-HSC-fresh-151027-74	2	7	1
singles-BM0828-HSC-fresh-151027-76	2	7	1
singles-BM0828-HSC-fresh-151027-79	2	7	1
singles-BM0828-HSC-fresh-151027-80	2	7	1
singles-BM0828-HSC-fresh-151027-81	2	7	1
singles-BM0828-HSC-fresh-151027-82	2	7	1
singles-BM0828-HSC-fresh-151027-83	2	7	1
singles-BM0828-HSC-fresh-151027-85	2	7	1
singles-BM0828-HSC-fresh-151027-86	2	7	1
singles-BM0828-HSC-fresh-151027-87	2	7	1
singles-BM0828-HSC-fresh-151027-88	4	7	1
singles-BM0828-HSC-fresh-151027-89	2	7	1
singles-BM0828-HSC-fresh-151027-90	2	7	2
singles-BM0828-HSC-fresh-151027-92	2	7	1
singles-BM0828-HSC-fresh-151027-95	2	7	1
singles-BM0828-HSC-fresh-151027-96	4	7	1
singles-BM0828-HSC-frozen-151027-15	2	1	1
singles-BM0828-HSC-frozen-151027-2	2	7	1
singles-BM0828-HSC-frozen-151027-20	2	7	1
singles-BM0828-HSC-frozen-151027-31	2	7	1
singles-BM0828-HSC-frozen-151027-36	2	7	1
singles-BM0828-HSC-frozen-151027-37	6	7	1
singles-BM0828-HSC-frozen-151027-38	2	7	1
singles-BM0828-HSC-frozen-151027-39	2	7	1
singles-BM0828-HSC-frozen-151027-43	2	7	1
singles-BM0828-HSC-frozen-151027-44	2	7	1
singles-BM0828-HSC-frozen-151027-45	2	7	1
singles-BM0828-HSC-frozen-151027-47	2	7	1
singles-BM0828-HSC-frozen-151027-48	2	7	1
singles-BM0828-HSC-frozen-151027-49	2	7	1
singles-BM0828-HSC-frozen-151027-50	2	7	1
singles-BM0828-HSC-frozen-151027-51	2	7	1
singles-BM0828-HSC-frozen-151027-52	2	7	1
singles-BM0828-HSC-frozen-151027-53	2	7	1
singles-BM0828-HSC-frozen-151027-54	2	7	1
singles-BM0828-HSC-frozen-151027-56	2	7	1
singles-BM0828-HSC-frozen-151027-57	2	7	1
singles-BM0828-HSC-frozen-151027-58	2	7	1
singles-BM0828-HSC-frozen-151027-59	2	7	1
singles-BM0828-HSC-frozen-151027-60	2	7	1
singles-BM0828-HSC-frozen-151027-61	2	7	1
singles-BM0828-HSC-frozen-151027-62	2	7	1
singles-BM0828-HSC-frozen-151027-64	2	7	1
singles-BM0828-HSC-frozen-151027-65	2	7	1
singles-BM0828-HSC-frozen-151027-66	2	7	1
singles-BM0828-HSC-frozen-151027-67	6	7	1
singles-BM0828-HSC-frozen-151027-69	2	7	1
singles-BM0828-HSC-frozen-151027-70	2	7	1
singles-BM0828-HSC-frozen-151027-71	2	7	1
singles-BM0828-HSC-frozen-151027-72	2	7	2
singles-BM0828-HSC-frozen-151027-74	2	7	1
singles-BM0828-HSC-frozen-151027-76	2	7	1
singles-BM0828-HSC-frozen-151027-77	2	7	1
singles-BM0828-HSC-frozen-151027-81	2	7	1
singles-BM0828-HSC-frozen-151027-82	2	7	1
singles-BM0828-HSC-frozen-151027-83	2	7	1
singles-BM0828-HSC-frozen-151027-84	2	7	1
singles-BM0828-HSC-frozen-151027-85	2	7	1
singles-BM0828-HSC-frozen-151027-87	2	7	1
singles-BM0828-HSC-frozen-151027-89	2	7	1
singles-BM0828-HSC-frozen-151027-90	2	7	1
singles-BM0828-HSC-frozen-151027-91	2	7	1
singles-BM0828-HSC-frozen-151027-92	2	7	1
singles-BM0828-HSC-frozen-151027-95	2	7	1
singles-BM0828-HSC-frozen-151027-96	2	7	1
singles-BM0828-LMPP-frozen-151105-1	7	3	1
singles-BM0828-LMPP-frozen-151105-10	7	7	1
singles-BM0828-LMPP-frozen-151105-11	7	8	1
singles-BM0828-LMPP-frozen-151105-12	0	8	0
singles-BM0828-LMPP-frozen-151105-13	7	7	1
singles-BM0828-LMPP-frozen-151105-14	7	7	0
singles-BM0828-LMPP-frozen-151105-15	0	3	3
singles-BM0828-LMPP-frozen-151105-16	7	7	1
singles-BM0828-LMPP-frozen-151105-17	7	3	1
singles-BM0828-LMPP-frozen-151105-18	6	3	3
singles-BM0828-LMPP-frozen-151105-19	7	3	1
singles-BM0828-LMPP-frozen-151105-2	0	3	3
singles-BM0828-LMPP-frozen-151105-20	2	7	1
singles-BM0828-LMPP-frozen-151105-21	7	3	3
singles-BM0828-LMPP-frozen-151105-22	7	3	1
singles-BM0828-LMPP-frozen-151105-23	7	3	1
singles-BM0828-LMPP-frozen-151105-24	7	7	1
singles-BM0828-LMPP-frozen-151105-25	7	7	1
singles-BM0828-LMPP-frozen-151105-26	7	3	3
singles-BM0828-LMPP-frozen-151105-27	7	7	1
singles-BM0828-LMPP-frozen-151105-29	6	3	3
singles-BM0828-LMPP-frozen-151105-3	7	7	1
singles-BM0828-LMPP-frozen-151105-30	3	7	0
singles-BM0828-LMPP-frozen-151105-31	0	7	0
singles-BM0828-LMPP-frozen-151105-33	7	7	1
singles-BM0828-LMPP-frozen-151105-34	7	3	1
singles-BM0828-LMPP-frozen-151105-35	7	7	1
singles-BM0828-LMPP-frozen-151105-36	6	3	3
singles-BM0828-LMPP-frozen-151105-37	7	3	1
singles-BM0828-LMPP-frozen-151105-38	7	3	3
singles-BM0828-LMPP-frozen-151105-39	7	7	1
singles-BM0828-LMPP-frozen-151105-4	6	3	3
singles-BM0828-LMPP-frozen-151105-40	7	7	1
singles-BM0828-LMPP-frozen-151105-41	7	3	1
singles-BM0828-LMPP-frozen-151105-42	7	3	1
singles-BM0828-LMPP-frozen-151105-43	7	3	1
singles-BM0828-LMPP-frozen-151105-44	7	7	1
singles-BM0828-LMPP-frozen-151105-45	7	3	1
singles-BM0828-LMPP-frozen-151105-47	7	3	1
singles-BM0828-LMPP-frozen-151105-48	7	3	1
singles-BM0828-LMPP-frozen-151105-49	7	7	1
singles-BM0828-LMPP-frozen-151105-5	7	7	1
singles-BM0828-LMPP-frozen-151105-50	7	3	1
singles-BM0828-LMPP-frozen-151105-52	7	7	1
singles-BM0828-LMPP-frozen-151105-53	5	3	1
singles-BM0828-LMPP-frozen-151105-55	0	3	1
singles-BM0828-LMPP-frozen-151105-56	7	3	1
singles-BM0828-LMPP-frozen-151105-57	7	3	1
singles-BM0828-LMPP-frozen-151105-58	7	7	1
singles-BM0828-LMPP-frozen-151105-59	7	7	1
singles-BM0828-LMPP-frozen-151105-6	0	8	1
singles-BM0828-LMPP-frozen-151105-60	2	7	1
singles-BM0828-LMPP-frozen-151105-61	7	7	1
singles-BM0828-LMPP-frozen-151105-62	6	3	1
singles-BM0828-LMPP-frozen-151105-63	6	3	1
singles-BM0828-LMPP-frozen-151105-64	0	7	1
singles-BM0828-LMPP-frozen-151105-65	7	7	1
singles-BM0828-LMPP-frozen-151105-66	7	7	1
singles-BM0828-LMPP-frozen-151105-67	7	7	1
singles-BM0828-LMPP-frozen-151105-69	7	7	1
singles-BM0828-LMPP-frozen-151105-7	6	3	3
singles-BM0828-LMPP-frozen-151105-70	7	7	1
singles-BM0828-LMPP-frozen-151105-71	7	7	1
singles-BM0828-LMPP-frozen-151105-72	7	3	1
singles-BM0828-LMPP-frozen-151105-73	7	3	1
singles-BM0828-LMPP-frozen-151105-74	5	3	0
singles-BM0828-LMPP-frozen-151105-75	7	7	1
singles-BM0828-LMPP-frozen-151105-76	7	3	1
singles-BM0828-LMPP-frozen-151105-77	7	7	1
singles-BM0828-LMPP-frozen-151105-78	7	7	1
singles-BM0828-LMPP-frozen-151105-79	6	3	3
singles-BM0828-LMPP-frozen-151105-8	7	3	1
singles-BM0828-LMPP-frozen-151105-80	7	7	1
singles-BM0828-LMPP-frozen-151105-81	7	7	1
singles-BM0828-LMPP-frozen-151105-82	7	3	3
singles-BM0828-LMPP-frozen-151105-83	7	7	1
singles-BM0828-LMPP-frozen-151105-84	2	7	1
singles-BM0828-LMPP-frozen-151105-85	7	7	1
singles-BM0828-LMPP-frozen-151105-86	2	7	1
singles-BM0828-LMPP-frozen-151105-87	7	7	1
singles-BM0828-LMPP-frozen-151105-88	7	3	1
singles-BM0828-LMPP-frozen-151105-89	2	7	1
singles-BM0828-LMPP-frozen-151105-90	7	7	0
singles-BM0828-LMPP-frozen-151105-91	7	3	3
singles-BM0828-LMPP-frozen-151105-92	7	3	1
singles-BM0828-LMPP-frozen-151105-95	7	3	1
singles-BM0828-LMPP-frozen-151105-96	7	7	1
singles-BM0828-MEP-160420-1	4	4	2
singles-BM0828-MEP-160420-12	4	4	2
singles-BM0828-MEP-160420-15	4	4	2
singles-BM0828-MEP-160420-18	4	4	2
singles-BM0828-MEP-160420-21	4	4	2
singles-BM0828-MEP-160420-22	4	4	2
singles-BM0828-MEP-160420-23	4	4	2
singles-BM0828-MEP-160420-24	4	4	2
singles-BM0828-MEP-160420-25	4	4	2
singles-BM0828-MEP-160420-28	4	4	2
singles-BM0828-MEP-160420-30	4	4	2
singles-BM0828-MEP-160420-34	4	4	2
singles-BM0828-MEP-160420-36	4	4	2
singles-BM0828-MEP-160420-39	4	4	2
singles-BM0828-MEP-160420-4	4	4	2
singles-BM0828-MEP-160420-41	4	7	2
singles-BM0828-MEP-160420-42	4	4	2
singles-BM0828-MEP-160420-43	4	4	2
singles-BM0828-MEP-160420-44	4	4	2
singles-BM0828-MEP-160420-45	4	4	2
singles-BM0828-MEP-160420-48	4	4	2
singles-BM0828-MEP-160420-49	4	4	2
singles-BM0828-MEP-160420-50	4	4	2
singles-BM0828-MEP-160420-51	4	4	2
singles-BM0828-MEP-160420-52	4	4	2
singles-BM0828-MEP-160420-53	4	4	2
singles-BM0828-MEP-160420-54	4	4	2
singles-BM0828-MEP-160420-56	4	4	2
singles-BM0828-MEP-160420-57	4	4	2
singles-BM0828-MEP-160420-59	4	4	2
singles-BM0828-MEP-160420-6	4	4	2
singles-BM0828-MEP-160420-62	4	4	2
singles-BM0828-MEP-160420-64	4	4	2
singles-BM0828-MEP-160420-65	4	7	2
singles-BM0828-MEP-160420-66	4	7	2
singles-BM0828-MEP-160420-67	4	4	2
singles-BM0828-MEP-160420-69	4	4	2
singles-BM0828-MEP-160420-70	4	4	2
singles-BM0828-MEP-160420-71	4	4	2
singles-BM0828-MEP-160420-72	4	4	2
singles-BM0828-MEP-160420-73	4	4	2
singles-BM0828-MEP-160420-74	4	4	2
singles-BM0828-MEP-160420-76	4	4	2
singles-BM0828-MEP-160420-77	4	4	2
singles-BM0828-MEP-160420-79	4	4	2
singles-BM0828-MEP-160420-80	4	4	2
singles-BM0828-MEP-160420-81	4	4	2
singles-BM0828-MEP-160420-83	4	4	2
singles-BM0828-MEP-160420-84	4	4	2
singles-BM0828-MEP-160420-85	4	4	2
singles-BM0828-MEP-160420-86	4	4	2
singles-BM0828-MEP-160420-87	4	4	2
singles-BM0828-MEP-160420-89	4	4	2
singles-BM0828-MEP-160420-90	4	4	2
singles-BM0828-MEP-160420-91	4	4	2
singles-BM0828-MEP-160420-93	4	4	2
singles-BM0828-MEP-160420-95	4	4	2
singles-BM0828-MPP-frozen-151103-10	2	7	1
singles-BM0828-MPP-frozen-151103-16	4	7	1
singles-BM0828-MPP-frozen-151103-17	2	7	1
singles-BM0828-MPP-frozen-151103-18	2	7	1
singles-BM0828-MPP-frozen-151103-19	2	7	1
singles-BM0828-MPP-frozen-151103-2	2	7	1
singles-BM0828-MPP-frozen-151103-23	4	7	1
singles-BM0828-MPP-frozen-151103-24	2	7	1
singles-BM0828-MPP-frozen-151103-25	4	4	2
singles-BM0828-MPP-frozen-151103-26	2	7	1
singles-BM0828-MPP-frozen-151103-27	2	7	1
singles-BM0828-MPP-frozen-151103-28	2	7	1
singles-BM0828-MPP-frozen-151103-3	2	7	1
singles-BM0828-MPP-frozen-151103-30	4	7	1
singles-BM0828-MPP-frozen-151103-31	2	7	1
singles-BM0828-MPP-frozen-151103-32	2	7	1
singles-BM0828-MPP-frozen-151103-35	2	7	1
singles-BM0828-MPP-frozen-151103-36	4	4	2
singles-BM0828-MPP-frozen-151103-37	2	7	1
singles-BM0828-MPP-frozen-151103-38	2	7	1
singles-BM0828-MPP-frozen-151103-4	2	7	1
singles-BM0828-MPP-frozen-151103-40	2	7	1
singles-BM0828-MPP-frozen-151103-41	4	7	1
singles-BM0828-MPP-frozen-151103-42	2	7	1
singles-BM0828-MPP-frozen-151103-43	2	7	1
singles-BM0828-MPP-frozen-151103-44	7	7	1
singles-BM0828-MPP-frozen-151103-47	2	7	1
singles-BM0828-MPP-frozen-151103-48	2	7	2
singles-BM0828-MPP-frozen-151103-49	2	1	1
singles-BM0828-MPP-frozen-151103-5	2	7	1
singles-BM0828-MPP-frozen-151103-50	2	7	1
singles-BM0828-MPP-frozen-151103-51	2	7	1
singles-BM0828-MPP-frozen-151103-52	2	7	1
singles-BM0828-MPP-frozen-151103-53	2	7	1
singles-BM0828-MPP-frozen-151103-54	3	4	2
singles-BM0828-MPP-frozen-151103-55	2	7	1
singles-BM0828-MPP-frozen-151103-56	4	4	1
singles-BM0828-MPP-frozen-151103-57	2	7	1
singles-BM0828-MPP-frozen-151103-59	2	7	1
singles-BM0828-MPP-frozen-151103-6	3	7	1
singles-BM0828-MPP-frozen-151103-64	2	7	1
singles-BM0828-MPP-frozen-151103-65	2	7	1
singles-BM0828-MPP-frozen-151103-66	2	7	1
singles-BM0828-MPP-frozen-151103-67	2	7	1
singles-BM0828-MPP-frozen-151103-68	2	7	1
singles-BM0828-MPP-frozen-151103-69	2	7	1
singles-BM0828-MPP-frozen-151103-71	2	7	1
singles-BM0828-MPP-frozen-151103-73	2	7	1
singles-BM0828-MPP-frozen-151103-75	2	7	1
singles-BM0828-MPP-frozen-151103-78	4	4	1
singles-BM0828-MPP-frozen-151103-8	2	7	1
singles-BM0828-MPP-frozen-151103-80	2	7	1
singles-BM0828-MPP-frozen-151103-83	4	4	2
singles-BM0828-MPP-frozen-151103-84	4	7	2
singles-BM0828-MPP-frozen-151103-85	2	7	1
singles-BM0828-MPP-frozen-151103-88	3	4	2
singles-BM0828-MPP-frozen-151103-9	2	7	1
singles-BM0828-MPP-frozen-151103-90	2	7	1
singles-BM0828-MPP-frozen-151103-91	2	7	1
singles-BM0828-MPP-frozen-151103-92	2	7	1
singles-BM0828-MPP-frozen-151103-93	2	7	1
singles-BM0828-MPP-frozen-151103-96	2	1	1
singles-BM1214-GMP-160421-1	0	8	0
singles-BM1214-GMP-160421-10	0	8	0
singles-BM1214-GMP-160421-11	0	8	0
singles-BM1214-GMP-160421-12	0	3	3
singles-BM1214-GMP-160421-13	0	3	0
singles-BM1214-GMP-160421-14	0	8	0
singles-BM1214-GMP-160421-15	0	8	0
singles-BM1214-GMP-160421-16	0	8	0
singles-BM1214-GMP-160421-17	0	8	0
singles-BM1214-GMP-160421-18	0	8	0
singles-BM1214-GMP-160421-19	3	4	2
singles-BM1214-GMP-160421-2	0	8	0
singles-BM1214-GMP-160421-20	7	8	0
singles-BM1214-GMP-160421-21	0	8	0
singles-BM1214-GMP-160421-22	8	8	0
singles-BM1214-GMP-160421-23	6	2	3
singles-BM1214-GMP-160421-24	0	8	0
singles-BM1214-GMP-160421-25	0	8	0
singles-BM1214-GMP-160421-26	5	3	0
singles-BM1214-GMP-160421-27	0	8	0
singles-BM1214-GMP-160421-28	0	8	0
singles-BM1214-GMP-160421-29	0	8	0
singles-BM1214-GMP-160421-3	0	8	0
singles-BM1214-GMP-160421-30	0	8	0
singles-BM1214-GMP-160421-31	0	8	0
singles-BM1214-GMP-160421-32	0	8	0
singles-BM1214-GMP-160421-33	0	8	0
singles-BM1214-GMP-160421-35	0	8	0
singles-BM1214-GMP-160421-36	0	8	0
singles-BM1214-GMP-160421-37	0	8	0
singles-BM1214-GMP-160421-39	7	7	0
singles-BM1214-GMP-160421-40	0	8	0
singles-BM1214-GMP-160421-41	0	2	3
singles-BM1214-GMP-160421-42	0	8	0
singles-BM1214-GMP-160421-43	0	8	0
singles-BM1214-GMP-160421-44	0	8	0
singles-BM1214-GMP-160421-45	0	8	3
singles-BM1214-GMP-160421-46	0	8	3
singles-BM1214-GMP-160421-47	8	8	0
singles-BM1214-GMP-160421-48	0	8	0
singles-BM1214-GMP-160421-49	0	8	0
singles-BM1214-GMP-160421-5	0	8	0
singles-BM1214-GMP-160421-50	0	8	0
singles-BM1214-GMP-160421-52	0	8	0
singles-BM1214-GMP-160421-54	0	8	0
singles-BM1214-GMP-160421-56	0	8	0
singles-BM1214-GMP-160421-57	0	8	0
singles-BM1214-GMP-160421-58	0	8	0
singles-BM1214-GMP-160421-59	0	8	0
singles-BM1214-GMP-160421-6	0	8	0
singles-BM1214-GMP-160421-60	0	8	0
singles-BM1214-GMP-160421-61	0	8	0
singles-BM1214-GMP-160421-62	0	8	3
singles-BM1214-GMP-160421-63	0	8	0
singles-BM1214-GMP-160421-64	0	8	0
singles-BM1214-GMP-160421-65	0	8	0
singles-BM1214-GMP-160421-66	5	3	3
singles-BM1214-GMP-160421-67	0	8	0
singles-BM1214-GMP-160421-68	0	8	0
singles-BM1214-GMP-160421-69	0	8	0
singles-BM1214-GMP-160421-7	0	8	0
singles-BM1214-GMP-160421-70	0	8	0
singles-BM1214-GMP-160421-71	7	8	0
singles-BM1214-GMP-160421-72	0	8	0
singles-BM1214-GMP-160421-73	0	8	0
singles-BM1214-GMP-160421-74	0	8	0
singles-BM1214-GMP-160421-75	0	8	3
singles-BM1214-GMP-160421-76	0	8	0
singles-BM1214-GMP-160421-77	7	8	1
singles-BM1214-GMP-160421-78	0	8	0
singles-BM1214-GMP-160421-79	0	8	0
singles-BM1214-GMP-160421-8	0	3	0
singles-BM1214-GMP-160421-80	0	8	0
singles-BM1214-GMP-160421-81	0	8	0
singles-BM1214-GMP-160421-82	0	8	0
singles-BM1214-GMP-160421-83	0	8	0
singles-BM1214-GMP-160421-84	5	3	0
singles-BM1214-GMP-160421-85	0	2	3
singles-BM1214-GMP-160421-86	0	8	0
singles-BM1214-GMP-160421-87	0	8	0
singles-BM1214-GMP-160421-88	8	8	0
singles-BM1214-GMP-160421-89	0	8	0
singles-BM1214-GMP-160421-9	0	8	0
singles-BM1214-GMP-160421-90	0	8	0
singles-BM1214-GMP-160421-91	0	8	0
singles-BM1214-GMP-160421-93	0	8	0
singles-BM1214-GMP-160421-94	0	8	0
singles-BM1214-GMP-160421-96	0	8	0
singles-BM1214-MCP-frozen-160128-1	5	3	0
singles-BM1214-MCP-frozen-160128-10	5	3	0
singles-BM1214-MCP-frozen-160128-12	5	2	0
singles-BM1214-MCP-frozen-160128-13	5	3	0
singles-BM1214-MCP-frozen-160128-14	5	3	0
singles-BM1214-MCP-frozen-160128-15	5	3	0
singles-BM1214-MCP-frozen-160128-16	5	3	0
singles-BM1214-MCP-frozen-160128-17	5	3	0
singles-BM1214-MCP-frozen-160128-19	5	3	0
singles-BM1214-MCP-frozen-160128-2	5	3	0
singles-BM1214-MCP-frozen-160128-20	5	3	0
singles-BM1214-MCP-frozen-160128-21	5	3	1
singles-BM1214-MCP-frozen-160128-23	5	3	0
singles-BM1214-MCP-frozen-160128-24	5	3	0
singles-BM1214-MCP-frozen-160128-25	5	3	0
singles-BM1214-MCP-frozen-160128-26	5	3	0
singles-BM1214-MCP-frozen-160128-27	5	3	0
singles-BM1214-MCP-frozen-160128-28	5	3	0
singles-BM1214-MCP-frozen-160128-3	5	3	0
singles-BM1214-MCP-frozen-160128-30	5	3	0
singles-BM1214-MCP-frozen-160128-32	5	3	0
singles-BM1214-MCP-frozen-160128-34	5	3	0
singles-BM1214-MCP-frozen-160128-35	5	3	0
singles-BM1214-MCP-frozen-160128-37	5	3	1
singles-BM1214-MCP-frozen-160128-38	5	3	0
singles-BM1214-MCP-frozen-160128-39	5	3	0
singles-BM1214-MCP-frozen-160128-4	5	3	0
singles-BM1214-MCP-frozen-160128-40	5	3	0
singles-BM1214-MCP-frozen-160128-41	5	3	0
singles-BM1214-MCP-frozen-160128-42	5	3	0
singles-BM1214-MCP-frozen-160128-44	5	3	0
singles-BM1214-MCP-frozen-160128-45	5	3	0
singles-BM1214-MCP-frozen-160128-46	5	3	0
singles-BM1214-MCP-frozen-160128-47	5	3	0
singles-BM1214-MCP-frozen-160128-48	5	3	0
singles-BM1214-MCP-frozen-160128-49	5	3	3
singles-BM1214-MCP-frozen-160128-5	6	2	3
singles-BM1214-MCP-frozen-160128-50	5	3	0
singles-BM1214-MCP-frozen-160128-51	5	3	0
singles-BM1214-MCP-frozen-160128-52	5	3	0
singles-BM1214-MCP-frozen-160128-55	5	3	0
singles-BM1214-MCP-frozen-160128-56	5	3	0
singles-BM1214-MCP-frozen-160128-57	5	3	0
singles-BM1214-MCP-frozen-160128-58	5	3	0
singles-BM1214-MCP-frozen-160128-59	5	3	0
singles-BM1214-MCP-frozen-160128-6	5	3	0
singles-BM1214-MCP-frozen-160128-61	5	3	0
singles-BM1214-MCP-frozen-160128-62	5	3	0
singles-BM1214-MCP-frozen-160128-63	5	3	0
singles-BM1214-MCP-frozen-160128-65	5	3	0
singles-BM1214-MCP-frozen-160128-66	5	3	0
singles-BM1214-MCP-frozen-160128-67	5	3	0
singles-BM1214-MCP-frozen-160128-7	5	3	0
singles-BM1214-MCP-frozen-160128-70	5	3	0
singles-BM1214-MCP-frozen-160128-71	5	3	0
singles-BM1214-MCP-frozen-160128-73	5	3	0
singles-BM1214-MCP-frozen-160128-74	5	3	0
singles-BM1214-MCP-frozen-160128-75	5	3	0
singles-BM1214-MCP-frozen-160128-76	5	3	0
singles-BM1214-MCP-frozen-160128-77	5	3	0
singles-BM1214-MCP-frozen-160128-78	5	3	0
singles-BM1214-MCP-frozen-160128-8	5	3	0
singles-BM1214-MCP-frozen-160128-81	5	3	0
singles-BM1214-MCP-frozen-160128-83	5	3	0
singles-BM1214-MCP-frozen-160128-86	5	2	3
singles-BM1214-MCP-frozen-160128-87	5	3	0
singles-BM1214-MCP-frozen-160128-88	5	3	0
singles-BM1214-MCP-frozen-160128-89	5	3	0
singles-BM1214-MCP-frozen-160128-90	5	3	0
singles-BM1214-MCP-frozen-160128-92	5	3	0
singles-BM1214-MCP-frozen-160128-93	5	3	0
singles-BM1214-MCP-frozen-160128-95	5	3	0
singles-BM1214-MCP-frozen-160128-96	5	3	0
singles-MEP-141017-12	4	4	2
singles-MEP-141017-14	4	4	2
singles-MEP-141017-19	4	4	2
singles-MEP-141017-21	4	4	2
singles-MEP-141017-22	4	4	2
singles-MEP-141017-24	4	4	2
singles-MEP-141017-30	4	4	2
singles-MEP-141017-31	4	4	2
singles-MEP-141017-34	4	4	2
singles-MEP-141017-36	4	4	2
singles-MEP-141017-38	4	4	2
singles-MEP-141017-45	4	4	2
singles-MEP-141017-5	4	4	2
singles-MEP-141017-52	4	4	2
singles-MEP-141017-60	4	4	2
singles-MEP-141017-67	4	4	2
singles-MEP-141017-68	4	4	2
singles-MEP-141017-7	4	4	2
singles-MEP-141017-70	4	4	2
singles-MEP-141017-72	4	4	2
singles-MEP-141017-73	4	4	2
singles-MEP-141017-75	4	4	2
singles-MEP-141017-86	4	4	2
singles-MEP-141017-88	4	4	2
singles-MEP-141017-9	4	4	2
singles-MEP-141017-90	4	4	2
singles-MEP-141017-95	4	4	2
singles-PB1022-mono-160128-10	0	8	0
singles-PB1022-mono-160128-11	8	8	0
singles-PB1022-mono-160128-13	8	8	0
singles-PB1022-mono-160128-14	8	8	0
singles-PB1022-mono-160128-15	8	8	0
singles-PB1022-mono-160128-18	8	8	0
singles-PB1022-mono-160128-2	8	7	0
singles-PB1022-mono-160128-20	8	8	0
singles-PB1022-mono-160128-21	8	8	0
singles-PB1022-mono-160128-22	8	8	0
singles-PB1022-mono-160128-23	8	8	0
singles-PB1022-mono-160128-24	8	8	0
singles-PB1022-mono-160128-25	8	8	0
singles-PB1022-mono-160128-28	8	8	0
singles-PB1022-mono-160128-29	8	8	0
singles-PB1022-mono-160128-30	8	8	0
singles-PB1022-mono-160128-31	8	8	0
singles-PB1022-mono-160128-33	8	8	0
singles-PB1022-mono-160128-34	0	8	0
singles-PB1022-mono-160128-35	8	8	0
singles-PB1022-mono-160128-37	8	8	0
singles-PB1022-mono-160128-38	8	8	0
singles-PB1022-mono-160128-39	8	8	0
singles-PB1022-mono-160128-43	8	8	0
singles-PB1022-mono-160128-44	8	8	0
singles-PB1022-mono-160128-46	8	8	0
singles-PB1022-mono-160128-47	8	8	0
singles-PB1022-mono-160128-48	8	8	0
singles-PB1022-mono-160128-5	8	8	0
singles-PB1022-mono-160128-50	8	8	0
singles-PB1022-mono-160128-51	8	8	0
singles-PB1022-mono-160128-52	8	8	0
singles-PB1022-mono-160128-53	8	8	0
singles-PB1022-mono-160128-54	8	8	0
singles-PB1022-mono-160128-55	8	8	0
singles-PB1022-mono-160128-56	8	8	0
singles-PB1022-mono-160128-57	8	8	0
singles-PB1022-mono-160128-58	8	8	0
singles-PB1022-mono-160128-59	8	8	0
singles-PB1022-mono-160128-6	8	8	0
singles-PB1022-mono-160128-61	8	8	0
singles-PB1022-mono-160128-62	8	8	0
singles-PB1022-mono-160128-63	8	8	0
singles-PB1022-mono-160128-64	8	8	0
singles-PB1022-mono-160128-66	8	8	0
singles-PB1022-mono-160128-68	8	8	0
singles-PB1022-mono-160128-70	8	8	0
singles-PB1022-mono-160128-72	8	8	0
singles-PB1022-mono-160128-74	8	8	0
singles-PB1022-mono-160128-75	8	8	0
singles-PB1022-mono-160128-76	8	8	0
singles-PB1022-mono-160128-78	8	8	0
singles-PB1022-mono-160128-79	8	8	0
singles-PB1022-mono-160128-8	8	8	0
singles-PB1022-mono-160128-81	8	8	0
singles-PB1022-mono-160128-82	8	8	0
singles-PB1022-mono-160128-83	8	8	0
singles-PB1022-mono-160128-84	8	8	0
singles-PB1022-mono-160128-85	8	8	0
singles-PB1022-mono-160128-86	8	8	0
singles-PB1022-mono-160128-89	8	8	0
singles-PB1022-mono-160128-90	8	8	0
singles-PB1022-mono-160128-95	8	8	0
singles-PB1022-mono-160128-96	8	8	0
